"","logFC","AveExpr","t","P.Value","adj.P.Val","B"
"TraesCS3A03G0692600",-0.298794094632965,7.14923919092413,-0.942290491267096,0.35204059232003,0.61474985363868,-6.24881318223899
"TraesCS2A03G0427800",-0.387914993212745,7.21196212055434,-1.30228037976006,0.200717064447152,0.468339817043354,-5.94765610210791
"TraesCS2A03G0956100",-0.481055454113551,5.89478096925645,-1.08419346094761,0.285160926252494,0.56301003388313,-5.82586648838616
"TraesCS4A03G0060100",-0.10689763364072,8.9584029721952,-0.700015156699499,0.48821330034334,0.728786093344605,-7.19922950991833
"TraesCS2A03G0339500",-1.34653353027887,6.11725894070429,-3.04589967077223,0.00421794592318714,0.0318413564789617,-2.24335301073442
"TraesCS2A03G0729700",5.19580110530346,5.37417325470851,8.08348271636747,9.35097947077037e-10,3.78960746973325e-08,11.5737631127018
"TraesCS3A03G0878500",0.64503282963278,5.84306650932376,1.4357272283673,0.159322001419078,0.410106107902765,-5.37708458354858
"TraesCS5A03G0045900",0.624740294015119,6.92968569809604,1.88278233860118,0.0674600414752541,0.252156465708474,-4.97976609394185
"TraesCS1A03G0647000",0.863440682891302,3.40359587115789,1.03213054681998,0.30858401527708,0.586690596946547,-5.31346182325008
"TraesCS5A03G0546100",0.0376322103875282,5.63972659749613,0.0785535348683832,0.937803022989418,0.971882002290514,-6.34721868525263
"TraesCS4A03G0123000",0.240369791905473,7.58158017662181,0.966212045959001,0.340092832588417,0.610530709016105,-6.47560337159965
"TraesCS2A03G0201400",0.0345615635996216,3.45213855387491,0.0405865489229077,0.967839591033671,0.990778628153927,-5.80968372932342
"TraesCS1A03G0827800",0.0183896086745498,6.00972577455852,0.0392421686753937,0.968904294805074,0.990778628153927,-6.3564404466591
"TraesCS2A03G0315900",-0.408386548988528,5.86938203834856,-0.986693150501492,0.330080697790354,0.605981000822467,-5.95153060526784
"TraesCS4A03G0063800",0.747389275577298,6.53057070741123,1.98278679555115,0.0547092089154278,0.224074951408933,-4.66771149701846
"TraesCS3A03G1267300",0.818702147568968,6.98893562933767,3.37970879209347,0.00169867137842345,0.0146963703526523,-1.95975896751755
"TraesCS6A03G0431400",-0.533110081698972,5.97656246487907,-1.14393434501883,0.259859112016725,0.532158287906591,-5.7384030835375
"TraesCS6A03G0997300",0.684664929935784,4.18877077529949,0.984360261041082,0.331211008303859,0.605981000822467,-5.50347855885783
"TraesCS5A03G0918900",0.0133002843129794,7.12255467704179,0.0424662634248022,0.96635102101882,0.990778628153927,-6.74457419610682
"TraesCS7A03G0456600",-0.323938338945122,5.50669627638194,-0.615166416249182,0.542138876901049,0.765558969049541,-6.02116129321651
"TraesCS6A03G0065500",1.07444941386944,6.88577378746151,2.97368438884459,0.00510613536793032,0.0378050407048687,-2.63006177837075
"TraesCS2A03G1072000",0.309601764371562,6.06310630685838,0.675759791387071,0.503315648622956,0.73797721204404,-6.13008439468206
"TraesCS7A03G1176300",0.0506161129868086,11.9423996606141,0.698229555104294,0.489316354379499,0.728786093344605,-7.9627606155588
"TraesCS6A03G0938100",-0.465112757945033,8.29981259207701,-2.2996361356609,0.0270985512609641,0.13637832987544,-4.61130466031758
"TraesCS5A03G0137300",-0.288657041281801,6.22165977281655,-0.719708102308012,0.476140984827867,0.727437615709241,-6.22315553207542
"TraesCS1A03G0902800",-0.090427955971628,6.9444971010633,-0.302394596631988,0.76401262431817,0.886767724848867,-6.71312842006983
"TraesCS4A03G0685200",-0.710941426125774,7.29051740416481,-2.3253046286287,0.0255361422297741,0.129360720506092,-4.17449008859233
"TraesCS7A03G1030300",0.291459581606703,8.71342992830104,1.57983602394699,0.122495319095815,0.351801934878433,-6.00785127531403
"TraesCS5A03G0583800",0.460784131806982,7.28593380116356,1.61973200935708,0.113622221776847,0.343780694154376,-5.51947757753884
"TraesCS5A03G0432900",-0.177410672112446,8.1616302418442,-0.779152670292457,0.440751228800673,0.701195136728344,-6.75156067996442
"TraesCS2A03G1177800",0.00131086281965479,8.27574350336883,0.00612698426704566,0.995143696809915,0.998470779567651,-7.11431016630567
"TraesCS1A03G0649000",-0.892566196817317,5.24690428582116,-1.5255680961907,0.135459923467935,0.367618156314394,-5.06500238976962
"TraesCS5A03G0818100",0.0125831924045771,9.17897096900175,0.0717148809677718,0.943207744789728,0.974859011393411,-7.36726260081917
"TraesCS1A03G0498700",0.124737589915414,8.09026057273987,0.488590105766014,0.627960765701101,0.825894568987846,-6.92465506568911
"TraesCS1A03G0956000",0.0511518770510325,7.13665922805004,0.174085525239558,0.862729277104714,0.938279016060211,-6.73612030298067
"TraesCS7A03G0568500",-0.0698596745199909,9.01840589463483,-0.382550782011354,0.704200178188044,0.857900027356949,-7.23742074119275
"TraesCS1A03G0547200",-0.811915831568973,4.43924106818006,-1.2522978360639,0.218171058534462,0.486877140500977,-5.29579762294874
"TraesCS6A03G0225800",1.12411346160391,4.57887574700144,1.95342786976429,0.0582163170416552,0.234694052995154,-4.34234361077541
"TraesCS3A03G1022400",-0.959541614736591,7.03977333461285,-2.72203949035599,0.00976567746830218,0.062145220252832,-3.24608742881044
"TraesCS5A03G0089000",0.324191361469751,8.39389779170773,1.54828404596263,0.129904675324204,0.35980791366776,-5.9376319904362
"TraesCS1A03G0923500",-0.150330189935293,4.44611746148782,-0.220128380191372,0.82695830539871,0.919989754987103,-5.95120460153159
"TraesCS2A03G0922900",0.624855120485795,6.95424491192558,1.86065351608829,0.0706027183404633,0.257649730436762,-5.01142328561716
"TraesCS7A03G0878000",0.538844670464906,6.51841230273565,1.34390089684086,0.187009223620945,0.444435500580641,-5.60834545849364
"TraesCS7A03G0999600",-0.512320669491822,5.00758844589935,-0.870611297510414,0.389473956939078,0.651945536615414,-5.7378950201725
"TraesCS7A03G0350500",-0.909251558134852,6.03097434644063,-2.10446974106041,0.0420579725042849,0.191625081824257,-4.31775210912473
"TraesCS5A03G0728300",0.0662143320844153,7.34955010213474,0.234509194702368,0.815858094314342,0.915759085454874,-6.76916191699032
"TraesCS1A03G1030200",0.42607545543211,6.88367084979422,1.25994417805742,0.215429697456624,0.48503177497544,-5.91044979750911
"TraesCS1A03G1002400",0.56375746865999,8.07510961567732,2.43291569365189,0.019831902488887,0.106787167247853,-4.22646153841464
"TraesCS4A03G0234500",0.953561613393393,8.37494527959834,4.21334060555733,0.000150752253566099,0.00184645173970219,0.27489745572329
"TraesCS4A03G0162600",0.282693572358521,7.71941861955296,1.06399449642872,0.294095772173866,0.571578787969752,-6.33426069966464
"TraesCS1A03G0773900",0.223770729827713,6.08923062494743,0.495290237699722,0.623268605086765,0.825894568987846,-6.22482090621264
"TraesCS7A03G0891600",0.149804974750335,7.12441776094358,0.461384355341273,0.647172734714195,0.833398417855503,-6.58528483308782
"TraesCS3A03G0872800",0.696287552667638,6.67727072477272,2.06906710900426,0.0454430305085166,0.19881325847476,-4.58171936981785
"TraesCS7A03G0842900",-0.108443140162188,8.58643684776755,-0.512813846301523,0.611072022826147,0.819730762327758,-7.05529580101415
"TraesCS5A03G1201900",-0.269459769673921,9.1559245293723,-1.61155587703661,0.11539646692196,0.345740387275911,-6.06466271495129
"TraesCS2A03G0644400",-0.0774094680318156,7.91239274208167,-0.337598012189807,0.737537851863172,0.875044908990204,-6.96433618161126
"TraesCS5A03G0571200",1.56245335592279,7.21538093755084,5.05818242342935,1.126303664801e-05,0.000200365623786359,3.07027889575105
"TraesCS7A03G0941000",0.193930194679138,7.17974430863649,0.602824042806298,0.550233430303434,0.768928750151805,-6.54672536722487
"TraesCS1A03G0455000",-0.326486595538697,4.23731345801652,-0.475178751800614,0.637399840382019,0.83045326073461,-5.85835667926768
"TraesCS5A03G0346400",0.0808110938648885,6.54734683763734,0.208036258368157,0.836319946097644,0.923946561112221,-6.47962150535959
"TraesCS3A03G0726600",1.81573729243594,8.22800680044554,7.76448371522123,2.44837918259357e-09,8.97739033617641e-08,11.2464451056035
"TraesCS1A03G0542500",0.265826433796926,8.03214964888199,1.2298912435531,0.226354299723456,0.492493251446238,-6.3425729522057
"TraesCS1A03G0471200",0.0171196771257957,7.90619227863041,0.0722518213712237,0.942783288499757,0.974859011393411,-6.99078257360086
"TraesCS1A03G0605600",-0.609690912206074,6.99187139768639,-1.83989869315748,0.0736629237387537,0.262594681846483,-5.0210597268765
"TraesCS2A03G0435100",0.232054126463424,8.5597160792401,1.19631991485247,0.239038027668868,0.502538042824402,-6.47649980704846
"TraesCS1A03G0141300",-0.0449749502743866,6.62108394979603,-0.121360519288458,0.904049744955751,0.95557089575089,-6.58547515189696
"TraesCS1A03G0587300",0.358568712524178,9.37410174643544,2.19899381455042,0.0340840578732692,0.160028808307422,-5.08228535797427
"TraesCS7A03G1064600",-0.0863748374374745,13.6056102085897,-2.21925651612093,0.0325607149402523,0.154763891999965,-6.44331128577859
"TraesCS7A03G0443500",0.0352584558391054,9.21940138498331,0.221235680265152,0.826102295951704,0.919989754987103,-7.33972125516255
"TraesCS5A03G0547600",0.0203563220665939,9.0261511779454,0.121788296443723,0.903713244664091,0.95557089575089,-7.32112169685803
"TraesCS2A03G1225600",-1.37216130281886,10.9557528175831,-11.6079617916821,5.14874773319084e-14,4.4050397272855e-12,21.4610463341783
"TraesCS2A03G1282700",-0.188184130589589,9.86691931514463,-1.35841155865666,0.182402898533242,0.440282858528515,-6.66730553520532
"TraesCS3A03G0743200",0.530318976340074,7.37645761053974,1.78191549605188,0.082815698958808,0.276088893677784,-5.29280094565021
"TraesCS1A03G0698400",0.183549601374254,6.17232025694874,0.422644077518015,0.674954813757377,0.842867448105534,-6.28989189409924
"TraesCS2A03G0641400",-0.721451284627151,6.10741546495575,-1.97970504720444,0.0550685306862365,0.224353273166149,-4.66846760539784
"TraesCS1A03G1039400",0.494013369380786,8.60299084726993,2.55124877432004,0.0149147582633817,0.0870027565363931,-4.14989459242223
"TraesCS5A03G0603800",0.120445564681778,11.9948377903724,1.78184932935128,0.0828266681033351,0.276088893677784,-6.68752492302491
"TraesCS1A03G0069100",-0.187769756863706,8.24187985512334,-0.912642077596211,0.367227683034986,0.631172580216382,-6.68311156375415
"TraesCS4A03G0740800",-0.369856570608222,7.63866698387693,-1.4366149203398,0.159070989137241,0.410106107902765,-5.86734137388327
"TraesCS6A03G1026500",1.44325340801026,3.89469654156596,1.89699261068137,0.0655056861111612,0.250525497193191,-4.24443878390411
"TraesCS7A03G0810200",-0.131275538122032,3.45664734282776,-0.153361653377521,0.87893065870458,0.944547549533814,-5.80299547446015
"TraesCS4A03G0178300",0.274605026500177,8.35069198111998,1.21674611289645,0.231259962574832,0.494582118947383,-6.38319084330436
"TraesCS2A03G0372400",-0.0846225156645865,8.14201024455524,-0.370677538975341,0.712951464584188,0.861809462684183,-6.99622333209208
"TraesCS5A03G0076200",0.605067213417171,10.0733795405186,5.10682855049153,9.67656978805809e-06,0.000177403779447732,2.48396936431515
"TraesCS1A03G0623900",-0.163142450468596,6.79748854188269,-0.430996276196003,0.66892433717044,0.842867448105534,-6.48475522887533
"TraesCS1A03G0479500",-0.25113255596244,5.2343169899186,-0.586464720207623,0.561057032256996,0.778403450158354,-6.22590298394894
"TraesCS5A03G1022100",0.480014382490432,6.23895515627184,1.16285573069535,0.252192690907441,0.523418792449406,-5.8281897155369
"TraesCS3A03G0887000",-0.0253298912807522,8.3964725797488,-0.12133187317357,0.904072279352791,0.95557089575089,-7.13777571403663
"TraesCS4A03G0752000",-0.00580390987170909,6.46450087994353,-0.0162264430039254,0.987139271125874,0.997502938014334,-6.5844984436411
"TraesCS2A03G0091300",-1.68756332396652,6.78195672376244,-4.31881949779374,0.000109677520406646,0.00151838085122708,0.992418501552608
"TraesCS7A03G0841200",-0.113932598189027,8.13899313251297,-0.49695817297239,0.62210299391633,0.825894568987846,-6.92529607602357
"TraesCS1A03G0056600",0.392022056865199,9.94392301563885,2.81853878109378,0.00764105611070321,0.051610642151241,-3.87461789329396
"TraesCS3A03G0743500",-0.151637782244126,8.64701943698433,-0.764858445519132,0.449115158187737,0.706688053295481,-6.90373097983852
"TraesCS1A03G0520400",-0.425044451727002,7.10267364332511,-1.30348376139933,0.200310291509291,0.468339817043354,-5.84590751834013
"TraesCS3A03G0758500",-0.227196243721953,7.86884597141316,-0.932970409502867,0.356769532357856,0.618416609875928,-6.53530257994812
"TraesCS4A03G0143700",0.250849363173255,7.75531722119652,0.931740623031809,0.357396612201023,0.618416609875928,-6.49443160544462
"TraesCS2A03G0924600",-0.978219635299886,6.20185304467103,-2.35877116767198,0.0236209479073125,0.122067985829736,-3.85854793479369
"TraesCS3A03G0475400",0.172866806702534,8.14630489591209,0.775808482279123,0.4426996388153,0.702842725541816,-6.76717640296181
"TraesCS2A03G0702200",0.701294497321413,6.30560124423415,1.71278710842321,0.0949621980468107,0.308526972557149,-5.09004850217459
"TraesCS1A03G0839000",-0.577845821223523,5.92367808181088,-1.26929084899229,0.212113894389661,0.482048149713585,-5.64132744831106
"TraesCS3A03G0954200",-0.17412836205093,8.10806297582069,-0.743163754370967,0.461986654977415,0.717197024864132,-6.76978529321642
"TraesCS7A03G0448100",-0.484201341559616,8.93805792329044,-2.76716331105723,0.00871182404133145,0.056894008389448,-3.72399723703162
"TraesCS2A03G0046400",0.0690818105933227,4.05542840192697,0.0995761237678287,0.921208229038469,0.963764043966876,-5.9291328096596
"TraesCS6A03G0703300",-0.201568339201636,7.61980337017332,-0.714329917325638,0.479420974943613,0.727751802571266,-6.6274285912288
"TraesCS2A03G1196500",0.141704497944402,10.1229527629572,1.14804862362222,0.258177997811053,0.532158287906591,-6.97603618647523
"TraesCS6A03G0441600",-0.0870161424472707,8.87998649273941,-0.494152680554636,0.624064133257895,0.825894568987846,-7.14925727396765
"TraesCS7A03G0964400",-0.0274350264757074,8.26120431966856,-0.12571152986468,0.90062797726805,0.95557089575089,-7.07904518884093
"TraesCS5A03G0864700",-0.530564307599296,8.15106041906546,-2.27767479749927,0.028502851911868,0.139791057147378,-4.58262165885095
"TraesCS7A03G0965700",0.0790518204719084,5.18469633007223,0.126174690504513,0.900263845503135,0.95557089575089,-6.12667401336086
"TraesCS1A03G0488100",-0.404075105515456,6.4020993742442,-0.975354064941617,0.33559901012424,0.608026441872152,-5.96145697167651
"TraesCS3A03G0776800",-0.114270716212233,5.35685785317625,-0.219007563082675,0.827824982188917,0.919989754987103,-6.1932387662618
"TraesCS5A03G1033400",-0.32990386100254,8.90484399851753,-1.85181403353845,0.0718925489104514,0.259014832125987,-5.6053524034495
"TraesCS3A03G0601900",0.770784465658269,5.75434341166605,1.60796430570498,0.116182980148643,0.346747653931998,-5.05008772254273
"TraesCS7A03G1111300",0.355543488520414,6.72585357749736,1.02450789226616,0.31212157411567,0.591954709529719,-6.07627380698606
"TraesCS2A03G1209400",-0.0137454172700737,9.33189843980436,-0.0887455331387034,0.929753694117833,0.966140815749975,-7.39665408358981
"TraesCS2A03G1030900",-0.471807701778849,6.49989654672711,-1.20878013522094,0.234270788455629,0.496938036118,-5.84775525186052
"TraesCS2A03G1080700",-0.527124729699873,8.42702300831301,-2.27284265477292,0.0288204564809216,0.14045412335639,-4.67396417332347
"TraesCS7A03G0479300",-0.0904463242077717,7.0605827670961,-0.277940816470572,0.782575733155711,0.897954626048921,-6.64657598630693
"TraesCS6A03G0823700",0.953318690283896,3.01290681159703,1.08848363204886,0.283288039759876,0.560750104409009,-5.20463187875739
"TraesCS1A03G0948200",0.168304323328584,9.29036475345017,1.01777514844259,0.315269175186875,0.593538544972846,-6.85614801611809
"TraesCS2A03G1046900",-0.0419659755750393,9.88044173245577,-0.320536312026972,0.750330978354445,0.884770066359759,-7.5449240797822
"TraesCS1A03G0572300",0.381247835848689,3.675842473605,0.513153122196371,0.610836972561072,0.819730762327758,-5.76327191170986
"TraesCS2A03G0258100",-0.141826735791325,6.59933184516386,-0.488826872387094,0.627794687532784,0.825894568987846,-6.64693203929759
"TraesCS4A03G0313000",0.803393433679899,7.16156449197711,2.52648424279904,0.0158405143276903,0.0917082408445226,-3.70069629949321
"TraesCS2A03G1246600",-0.30917591366473,6.14102044754443,-0.661094069689075,0.51257021278195,0.743275073148967,-6.16297070542639
"TraesCS2A03G1062900",1.03948585580242,5.5334714810648,1.87836350148609,0.0680778524425081,0.253236455945562,-4.54602993394591
"TraesCS3A03G0708800",0.435169281241769,5.67215649457324,0.890340458970252,0.378927242989528,0.645517648455612,-5.90932445220457
"TraesCS2A03G0687300",-0.0486974241234724,7.45806203729925,-0.176578593307773,0.860784157753086,0.937487696562767,-6.80665590806984
"TraesCS7A03G0810300",-0.204975693716738,11.2504300400605,-2.40951065000945,0.0209637876388758,0.11132494125472,-5.24725144146643
"TraesCS1A03G0455700",0.0729773711482913,8.9694881068314,0.426215985851171,0.672373128308039,0.842867448105534,-7.21701392641202
"TraesCS5A03G0182400",-0.0945525700712351,9.77960187112702,-0.705182916618374,0.485028794686449,0.728786093344605,-7.31107551972842
"TraesCS7A03G1159600",0.0204214747682662,7.96659484100163,0.0868218502500132,0.931272414110608,0.966414769360065,-7.00242750464629
"TraesCS1A03G0162800",1.23229038590015,4.64846428953822,1.88965681576376,0.0665084404394687,0.250525497193191,-4.37158911709276
"TraesCS3A03G1253000",-0.292030954990392,9.15055330739284,-1.7917326786847,0.0812017167565992,0.276088893677784,-5.7905931819737
"TraesCS2A03G0831200",-0.0674302564075419,7.86904323703163,-0.279900832151617,0.781082945957296,0.897954626048921,-6.93418052195579
"TraesCS1A03G0478900",0.448817870902793,7.09904852723784,1.41948672721027,0.163969531066897,0.412603068370951,-5.68977003893174
"TraesCS4A03G0673100",0.241250913926065,8.8916242998632,1.35996153184162,0.181916085647923,0.440282858528515,-6.3592580179098
"TraesCS1A03G0664300",-0.346310683479804,9.23721202111759,-2.20662030270142,0.0335034176735386,0.15826767858052,-5.04614667186814
"TraesCS4A03G0007700",-0.118540107621004,7.97672011339662,-0.489295972061042,0.627465698999052,0.825894568987846,-6.88840037543349
"TraesCS4A03G0902200",1.02934574387755e-15,3.03806068829663,1.14045677692055e-15,0.999999999999999,0.999999999999999,-5.72758020088824
"TraesCS1A03G1038500",0.0627217115135486,8.4347069460046,0.3049277511892,0.762097511147803,0.886767724848867,-7.09426954478718
"TraesCS3A03G0902200",-0.47271322175428,6.66141225068449,-1.58512220598047,0.121288206144684,0.349893997519816,-5.5346414778901
"TraesCS2A03G0263800",-0.480126656849595,8.21591137507483,-2.09919883104085,0.0425474689977497,0.192715006636866,-4.94496221316414
"TraesCS1A03G0902700",0.00774409750285396,6.77355102593944,0.0209305003433406,0.983411432741871,0.996589503130084,-6.6145760781775
"TraesCS4A03G0747600",0.646862671079847,5.16210459516566,1.09368417724315,0.281029369978191,0.559154043625859,-5.55217199865896
"TraesCS2A03G0664500",-0.726440912680943,6.5579449454197,-1.81669395250551,0.0772172008722454,0.270260203052859,-4.88998409909193
"TraesCS5A03G0875500",0.138743341554032,7.47807999225153,0.495711749340702,0.622973945227221,0.825894568987846,-6.712709273533
"TraesCS7A03G0564000",0.426468108995441,9.76299594088411,3.11142788282061,0.00354000342193448,0.0281010580916448,-3.10928775350689
"TraesCS4A03G0881400",-0.00772325902978704,9.9934896154078,-0.0618619679159982,0.950999412508872,0.978969983465015,-7.62158409549959
"TraesCS5A03G1166900",-0.0705080386857887,9.50615669960932,-0.466425393546262,0.643593855596484,0.83148870605586,-7.34777398750802
"TraesCS1A03G0529900",0.0216437458502663,10.3059374766272,0.188929488587987,0.85116103493432,0.934941507702463,-7.70118430196411
"TraesCS2A03G0705500",-0.1945415490095,6.44844147129413,-0.482674796598547,0.632116357953908,0.825894568987846,-6.40111785149233
"TraesCS2A03G1294300",1.97013890826015,6.11782738620125,4.31656624186759,0.000110427698271061,0.00151838085122708,1.11767019482771
"TraesCS3A03G0462200",0.0761442705456147,4.90214366749711,0.147908259151198,0.883203057598307,0.945850284215155,-6.22877793836789
"TraesCS5A03G0610500",0.176471973713369,9.1020885095298,1.06265054106492,0.294697115355833,0.571578787969752,-6.77793620999181
"TraesCS2A03G1223000",0.422256581475149,8.68853935897438,2.07843567000007,0.0445247603554328,0.198173788865221,-5.12160278328183
"TraesCS5A03G1208500",-0.0841347867312976,11.0621853055085,-0.907917156879553,0.369686664651802,0.63398381243182,-7.50521594521902
"TraesCS2A03G0840400",0.77710997767863,6.21457702987441,1.98543724907095,0.0544018030077274,0.224007424149466,-4.60904079688505
"TraesCS5A03G0922200",-0.00593397544277347,8.82099546389028,-0.0329227067330995,0.973909835255897,0.993259037280849,-7.26252854971606
"TraesCS2A03G0897800",1.13463384375005,11.1887299037125,11.9386610196408,2.22617158946308e-14,2.85692020647762e-12,22.230730928069
"TraesCS5A03G0893500",-0.669586804414767,7.22946482036049,-2.12458483299124,0.0402351900718848,0.185515547038032,-4.59947464167254
"TraesCS1A03G1027100",0.0776202553148814,8.78138879217811,0.422044462824491,0.675388591533915,0.842867448105534,-7.15240830449809
"TraesCS7A03G0565600",0.245504091735234,8.62582228520687,1.25639855902172,0.216697644659864,0.485049960430509,-6.41219817278826
"TraesCS2A03G0261600",-0.241239532679636,7.90985517219726,-0.999624070866625,0.323862676722191,0.599457358355979,-6.47221460202925
"TraesCS6A03G0962000",-0.0789469334044012,9.53347978867466,-0.543516377611879,0.589972551277024,0.805458979580334,-7.30119384086244
"TraesCS7A03G0569000",0.233513975252058,10.0262651040859,1.57806360524904,0.122902234392595,0.351801934878433,-6.36293125753282
"TraesCS4A03G0129000",0.201239909002452,9.14306747663341,1.14138919470983,0.260903011175713,0.532878829191775,-6.69178589739641
"TraesCS5A03G0523800",-0.887000106064185,6.58756824385762,-2.3792674330874,0.022512972516159,0.117925094132261,-3.90106450846378
"TraesCS1A03G0853400",-0.469945996168654,6.28188440579849,-1.09009790329317,0.282585574035869,0.560750104409009,-5.81722978608483
"TraesCS1A03G0674900",-1.23726742326433,7.02728385970387,-4.56939018379571,5.11238528361278e-05,0.000803374830282008,1.56408852042358
"TraesCS1A03G0879700",-0.0681160964789263,6.95247588775759,-0.260560163892436,0.795849023778823,0.902321590507543,-6.90598123167493
"TraesCS2A03G0673900",-0.237278305149465,9.29746948505619,-1.48193932615194,0.146663625247476,0.390764676264902,-6.30593322788203
"TraesCS3A03G1256900",-0.605950952142376,6.04309725402373,-1.19420321719861,0.239854894459,0.502538042824402,-5.62857877266651
"TraesCS2A03G0833100",-1.06439295354192,9.42444171798363,-6.87799908986071,3.73764323447542e-08,1.1069174194408e-06,8.23770148300075
"TraesCS2A03G1236700",0.146566252855689,6.27985471080577,0.379595255415489,0.706374827719877,0.857900027356949,-6.45187659292352
"TraesCS5A03G0521300",-0.414814413316418,8.82341661924552,-2.23693642157007,0.0312814021985159,0.150541748080358,-4.85606593271269
"TraesCS7A03G0304100",1.58247504925498,5.44492343771314,2.96491075248611,0.00522530265912854,0.0379573872408394,-2.32665910110818
"TraesCS5A03G0197600",-0.00270926955473572,7.05264217237451,-0.0083845295910661,0.993354383198661,0.998470779567651,-6.68624203487609
"TraesCS5A03G0712100",-0.428498991186545,7.23353377322364,-1.38016405817764,0.175662273067025,0.430764172807672,-5.78592856039347
"TraesCS7A03G0845800",-0.137837342766539,8.76624566218995,-0.797205163256652,0.430322029796327,0.691749400716435,-6.98252154413352
"TraesCS2A03G0647400",0.425613583350885,10.8523654919265,4.03378980425126,0.000257758399516829,0.00291873481805821,-0.925752491280787
"TraesCS6A03G0018400",-0.106200212663603,16.7709184692527,-7.7221688124843,2.78403014481786e-09,9.74410550686252e-08,8.06343081853178
"TraesCS5A03G0735400",0.926446699898746,8.74046951896645,5.05291864852645,1.14494642163634e-05,0.000200365623786359,2.72250328344102
"TraesCS3A03G0227000",0.306643253209785,7.20185978286792,0.949940558037856,0.348189992402755,0.612059492602054,-6.27538240917281
"TraesCS4A03G0700200",-0.0998917269146862,10.1392243895781,-0.805700889826437,0.425465904375099,0.686810789033178,-7.30960927904489
"TraesCS3A03G1042500",0.194274843712437,10.8950827470407,1.9354135495293,0.0604630723968307,0.241225729251604,-6.03410527872573
"TraesCS5A03G0926200",-0.328891071068041,9.25251397749875,-2.04278723642542,0.0481080061882761,0.203533872335014,-5.38219587830542
"TraesCS2A03G0944700",-0.378114557469847,6.43732067728539,-1.0671649779935,0.292680555613243,0.571578787969752,-6.02964898674708
"TraesCS1A03G0545200",0.834257004558051,4.5839686238132,1.39612601450037,0.170840137392832,0.422851648985627,-5.18668681923244
"TraesCS7A03G1255900",0.407759465919715,6.38311100531885,1.16528120747851,0.251221934346503,0.522813214721102,-6.00503848115132
"TraesCS5A03G0722900",-0.0846635151846332,9.43075639448487,-0.571636408485695,0.570959454297391,0.786473666921273,-7.27555959862286
"TraesCS2A03G0936400",-0.094135809206161,12.0664754235605,-1.432936932688,0.160113042033827,0.410106107902765,-7.22419007809852
"TraesCS3A03G0043800",-1.32376257218266,6.43734739903117,-3.20511334431363,0.00274756938179355,0.0232486639997916,-1.96311551227379
"TraesCS3A03G0197600",0.320268202970499,5.64450478978928,0.624165844044562,0.536275924182198,0.759452519058532,-6.03028373404896
"TraesCS5A03G0170500",-0.362636667155976,7.65341282048788,-1.47950890122479,0.147308824492407,0.391130327100528,-5.84814802602324
"TraesCS7A03G1188500",-0.564207040154219,7.57802296318478,-2.05417641045255,0.0469367265706545,0.200556673548845,-4.81804900186576
"TraesCS5A03G0163200",-0.0332035815675353,8.11346820389218,-0.153058925500303,0.87916773249083,0.944547549533814,-7.0406326610805
"TraesCS4A03G0016800",-0.147899917927304,8.2588243426262,-0.697606357286806,0.489701662745778,0.728786093344605,-6.8489032781159
"TraesCS3A03G0775500",-0.169656500167929,8.37804111874887,-0.822121170533965,0.416174969917806,0.679708822997209,-6.79661937033919
"TraesCS5A03G1050800",0.233188174876374,6.3709794115815,0.530534699408002,0.598851267927839,0.81182302166274,-6.34518532224803
"TraesCS7A03G0610900",-0.445624198397412,7.25524138059437,-1.46009923718883,0.15254275142414,0.402253145878724,-5.6883340352512
"TraesCS1A03G0435700",-0.158219366670257,6.25280503918137,-0.386037976331474,0.701637565045733,0.857874604823607,-6.35746531879904
"TraesCS4A03G0906100",-0.00115196637857805,8.57205148045393,-0.00575545623561959,0.99543816984515,0.998470779567651,-7.18223746763084
"TraesCS5A03G0958000",-0.540215452513336,5.8650546295418,-1.22359748656095,0.228693364063809,0.492493251446238,-5.62990227207717
"TraesCS4A03G0765000",-0.214367652816789,10.1346323401741,-1.64734183818367,0.107795311918744,0.33334293243949,-6.29279149533648
"TraesCS1A03G0595800",0.0993977473480274,5.86589521787513,0.222805034093794,0.8248894596621,0.919989754987103,-6.32916395271643
"TraesCS2A03G0379600",-0.0870069077159465,5.82245715838772,-0.183442955060907,0.855433079900626,0.935629931141309,-6.27595513042691
"TraesCS3A03G0352200",0.665792568152958,9.37413970611444,4.29172294357962,0.000119039634545273,0.00157910020986349,0.248805737026701
"TraesCS3A03G0193800",-0.354660049913581,10.2069189760431,-2.91822846649041,0.00590451041412531,0.0420969723970045,-3.74387005159331
"TraesCS4A03G0092800",-1.21792321482672,5.72554902905939,-2.45588150458143,0.0187754779563198,0.101810690326523,-3.52584172091458
"TraesCS4A03G0096200",1.14419578192933,5.03181603046604,2.08484696514303,0.0439057707792522,0.196933384152262,-4.15178559782813
"TraesCS7A03G0391600",0.70024140341476,8.9714744079028,4.11960343578352,0.000199638363537373,0.00240189906130902,-0.146331437462107
"TraesCS2A03G0267700",-0.566226839723878,7.25266339132427,-1.89483610942692,0.065799111526753,0.250525497193191,-5.03991858508165
"TraesCS5A03G0241700",0.841709258850516,5.65393180081882,1.61858202278676,0.113870413793965,0.343780694154376,-4.97981297196509
"TraesCS7A03G0299800",-0.404227712330534,13.2134480286736,-8.57290912363178,2.18278342607546e-10,9.88672492987119e-09,12.2373634060992
"TraesCS6A03G1045900",0.317959430083389,8.92739603557716,1.92448421794112,0.0618623024867711,0.244276784178532,-5.51826022344066
"TraesCS1A03G0648300",0.00130495887620083,6.4192634527212,0.00356534374719231,0.997174064269511,0.998470779567651,-6.54290671356055
"TraesCS5A03G0960400",0.0687460449839058,9.16043043448213,0.422111971165625,0.67533974853564,0.842867448105534,-7.27527254640601
"TraesCS6A03G0047200",-0.686170211880362,6.19051442921635,-1.62552169512133,0.112379405571667,0.342024277826813,-5.17006685156921
"TraesCS4A03G0235600",0.249732440694549,6.88053674305835,0.749624989356193,0.458130946860795,0.714090747131199,-6.38018797503728
"TraesCS1A03G0174900",1.41374157656125,7.72216671278327,5.02581062342289,1.24591114764036e-05,0.000213189240818462,2.8973450005404
"TraesCS3A03G1137900",0.962586950784522,6.96785705507335,3.95825256256597,0.000322331088786549,0.00354564197665204,-0.31601634778984
"TraesCS2A03G0725800",-0.112745384479011,5.19861785451092,-0.203170398461304,0.840093960018469,0.925425392295023,-6.22541772245993
"TraesCS3A03G0649600",1.71351268567752,7.68694039801614,6.02200657987025,5.45883898130886e-07,1.27372909563873e-05,6.01664345341389
"TraesCS2A03G0758000",-0.0823205080829099,7.44700499351402,-0.289910511191897,0.773472566904181,0.894255069844173,-6.78530091148286
"TraesCS1A03G0895300",0.142884854774524,7.36402015778385,0.481663101004961,0.63282830610757,0.825894568987846,-6.65777760049172
"TraesCS1A03G0172200",0.542616758293995,5.68547566017007,1.20960884320633,0.233956229564575,0.496938036118,-5.64109165311198
"TraesCS4A03G0141900",-0.94816636410547,4.86072401521316,-1.54921411657275,0.129681201513144,0.35980791366776,-4.97243085188738
"TraesCS3A03G0040500",-0.144606044876452,11.2798306318901,-1.56987319879751,0.124796885924996,0.354588937868069,-6.92925349555986
"TraesCS5A03G0191800",0.028589458882299,7.55348371071751,0.104035687771287,0.917692269321651,0.96139190119411,-6.85466496977494
"TraesCS5A03G1158400",2.92944866573215,5.23479686048535,4.21263276349792,0.000151073324157452,0.00184645173970219,0.920528703125548
"TraesCS7A03G0821400",-0.259538287698373,9.36765783882835,-1.67658508647789,0.101894322297044,0.324209207308776,-6.04716495691132
"TraesCS2A03G1275200",0.574571208139689,6.98763888848801,1.70761534307805,0.0959277942066859,0.310354628315749,-5.2400507255824
"TraesCS2A03G1285500",-0.434317148510076,8.84127892063585,-2.47051489281943,0.0181293112453708,0.100745562970367,-4.39423264181062
"TraesCS1A03G0459500",-0.0855098204967872,6.13974807243018,-0.200255586841625,0.842356558457433,0.926592214303177,-6.41966044216662
"TraesCS2A03G0246000",-0.344638937569857,8.79383669043007,-1.79974764695406,0.0799037886573087,0.276088893677784,-5.65155385654614
"TraesCS5A03G0488500",-0.41276657154815,6.39612679071576,-1.00066635746566,0.3233649566135,0.599457358355979,-5.98604445279324
"TraesCS1A03G0946200",-0.766268730419411,7.13154062998355,-2.56567230035161,0.0143986817182639,0.0859456195586292,-3.70105018562948
"TraesCS2A03G0759400",-0.198523381902242,5.25918996059971,-0.348863163752816,0.729132072683291,0.869089312641074,-6.06815498190034
"TraesCS7A03G1259000",-0.286341376985896,9.21312561672902,-1.64041193603939,0.109234206489965,0.336441355989091,-6.02796908269155
"TraesCS4A03G0231100",-0.791968155998541,9.03538649974761,-4.66445033931363,3.81766086073947e-05,0.000612416429743623,1.46944935194455
"TraesCS2A03G0355400",-0.175359568988887,7.86331422810511,-0.724702658817214,0.473106447635879,0.724238498369039,-6.68769926512592
"TraesCS3A03G0695400",-0.00167943966885294,6.43425685319131,-0.00429264157880112,0.996597602302935,0.998470779567651,-6.49216836097428
"TraesCS7A03G0762200",-0.334690358597425,5.91843555764596,-0.764513189871649,0.449318328636751,0.706688053295481,-6.13192106138697
"TraesCS1A03G0881300",-0.0678505430616819,8.77235497249859,-0.368460026193654,0.714590311299398,0.862436582602721,-7.18286788801806
"TraesCS1A03G0791800",0.0874045828831287,8.51513608362492,0.4371882058687,0.664467891553474,0.842867448105534,-7.11684178125681
"TraesCS3A03G1128800",0.356496055522767,5.31575099346866,0.60659722146486,0.547752291511009,0.768928750151805,-5.9731161410916
"TraesCS2A03G1288200",-0.247913083292569,4.73777276914656,-0.429185824734996,0.670229657050194,0.842867448105534,-6.00829857004034
"TraesCS2A03G0219600",-0.761530679666303,7.10808873209918,-2.50693804831416,0.0166079822394089,0.0954339277936183,-3.80702315901372
"TraesCS1A03G0069000",0.253222503247634,5.75206061872062,0.614076931954981,0.542850905326038,0.765558969049541,-6.27421653445154
"TraesCS1A03G1028300",-0.202789360738576,5.80465142083366,-0.411994796263881,0.682675390188437,0.84647351118373,-6.18805411798609
"TraesCS1A03G0677600",-0.208086389820128,7.30041347728819,-0.665709692190661,0.509647681786956,0.741535794734808,-6.5240626407423
"TraesCS7A03G0581000",-0.316935407944569,4.60600594918318,-0.485146712175387,0.630378319850687,0.825894568987846,-5.91600955295146
"TraesCS4A03G0364100",-1.38618626878239,6.62848419653091,-3.47211102885473,0.00131140746583435,0.0121660692613548,-1.25139118655288
"TraesCS2A03G1081100",0.657071221360057,7.84466243464418,2.64121896655687,0.011953461086233,0.0730489288603129,-3.69534221585764
"TraesCS7A03G0578700",-0.0234469290875469,7.9421420847416,-0.0914807050679558,0.927594774674373,0.966140815749975,-6.98835923257559
"TraesCS5A03G0513900",-0.235467651162968,8.3082428650989,-1.09982637061713,0.278378144576742,0.557444301486217,-6.49234081599067
"TraesCS2A03G1066600",-1.46088014441515,9.44614033100582,-8.73039916791724,1.3749251920985e-10,6.61682748697406e-09,13.8217070188133
"TraesCS2A03G0379000",-0.267334135088896,4.69321018723534,-0.408483585106076,0.685228609148562,0.847715386762844,-5.94678511821892
"TraesCS3A03G0872300",-0.253523201855713,8.99525912320063,-1.46820115294241,0.150340389175637,0.397807902629692,-6.23618231650626
"TraesCS2A03G1302200",0.070274577666238,8.94628528948874,0.400316693862885,0.691181702672034,0.850195294400212,-7.2169642627641
"TraesCS4A03G0542300",-0.556466536099009,6.54074715502792,-1.52504913271724,0.135589034276997,0.367618156314394,-5.43984239342413
"TraesCS4A03G0752900",-0.117692328110964,9.37364586894184,-0.769787112952243,0.446220732573588,0.705523540208754,-7.1159004029114
"TraesCS1A03G1031500",-0.399972620990784,7.17753539552993,-1.29124552792213,0.204476395651937,0.473597771501969,-5.88633079106788
"TraesCS5A03G0597300",0.0331516212508151,8.14476195884939,0.144831449352892,0.885615117656608,0.947116167493872,-7.047318601534
"TraesCS7A03G0441600",-0.279666864408183,6.69923490253461,-0.788255860251442,0.435473446899879,0.69579831044327,-6.29319120746776
"TraesCS3A03G1267200",-0.0655985894074641,4.88555889784926,-0.107593939261997,0.914888109355962,0.959760005727644,-6.09217365191327
"TraesCS1A03G0986200",-0.194493149400921,10.5125663040375,-1.7968183652112,0.0803761032853316,0.276088893677784,-6.19436818293967
"TraesCS5A03G0025800",-0.200862200768606,5.80672207566235,-0.427104231766823,0.671731748372748,0.842867448105534,-6.23150488414033
"TraesCS4A03G0273500",-0.530658890796275,5.79800400868807,-1.12086565703231,0.269431108983233,0.545952510308131,-5.75449295368243
"TraesCS6A03G0958300",-0.573470426605227,6.57888076842301,-1.42952579802016,0.161084280408079,0.410711575874903,-5.49136357443461
"TraesCS1A03G0653600",-0.240447490901696,8.90254047177682,-1.27094939998101,0.211529538255891,0.482048149713585,-6.46612267137853
"TraesCS1A03G0823600",0.549108928268204,9.8668510705473,4.07330168915702,0.000229194762167684,0.00263402935625547,-0.519396343664296
"TraesCS5A03G0890700",-1.08310948163349,6.48240855056905,-2.66151285048818,0.0113651735085873,0.0711478341594489,-3.28541991958024
"TraesCS1A03G0682500",0.0792997992500973,8.81256913913387,0.423880521159596,0.674060691064998,0.842867448105534,-7.17390210068513
"TraesCS7A03G0883800",1.33358983819979,3.29815109275565,1.520193921979,0.136801736455194,0.369604691475436,-4.74162326305077
"TraesCS4A03G0627200",0.242868331002794,4.81165264434908,0.435340216611268,0.665796641569076,0.842867448105534,-6.05753953837752
"TraesCS1A03G0494500",0.932967006871992,8.34978720451404,4.45925321474961,7.15920283491027e-05,0.00108089925154528,1.03538489347611
"TraesCS1A03G0592000",-0.683623539504546,7.51226702640028,-2.78639339179825,0.00829566184037837,0.0550660311818219,-3.34822007429061
"TraesCS2A03G0459500",0.319938613415587,7.18420713169194,0.96070188882524,0.342820679470319,0.610530709016105,-6.27083538010578
"TraesCS6A03G0063600",0.318412206803911,9.54369857294413,2.07096497330408,0.0452556795372944,0.19881325847476,-5.38596204358747
"TraesCS2A03G1245900",-0.922133406132614,8.18492354835144,-4.11325641717928,0.000203458147813301,0.00241019652024987,0.0716180063280678
"TraesCS2A03G0818700",-0.460345900075069,7.97181317727121,-1.97304424244642,0.0558521549009199,0.226348206703728,-5.12938496541242
"TraesCS5A03G0589700",-0.857035526326755,6.05803190043846,-1.89087878653535,0.0663404979292916,0.250525497193191,-4.70400013914068
"TraesCS7A03G1005400",-0.186822043815139,10.0665852015165,-1.49470672104027,0.143311147043182,0.384493321335365,-6.54891630698569
"TraesCS2A03G0999000",-0.0330655001951502,7.29126064591281,-0.110210566422324,0.912826718370414,0.958903919706984,-6.76766534013931
"TraesCS5A03G0905000",0.00680551638865364,6.77058942952892,0.0200888655022915,0.984078380390758,0.996589503130084,-6.64067051473164
"TraesCS2A03G0827800",-0.230717018095742,8.11969880755592,-0.97583974190862,0.335361389599869,0.608026441872152,-6.59030081724698
"TraesCS5A03G0922900",-1.22810545830816,5.66549094035229,-2.72945584750717,0.00958472183779736,0.0615019651258664,-2.96684803834416
"TraesCS5A03G0487100",-0.04601053118679,12.9399890342972,-0.88103668753579,0.383877844676236,0.649518141676542,-8.18108272937517
"TraesCS4A03G0500900",-0.130571304141334,7.73748937737048,-0.521535505782297,0.605042954850008,0.81733872848159,-6.79124245222667
"TraesCS2A03G0934600",-0.952929202906733,5.3477013690972,-1.63170048973059,0.111065382742217,0.34071850482672,-4.89885595097955
"TraesCS3A03G0885700",0.23615082559596,7.70947284575616,0.9366988951086,0.354872751927381,0.616821713282356,-6.47070950120108
"TraesCS1A03G0474600",0.313815392321533,5.92259131232959,0.640122579593542,0.52596262243379,0.753047769875035,-6.11838687357812
"TraesCS2A03G0256700",-0.0984954453749656,9.02950932236783,-0.588783307924868,0.559516516515588,0.778403450158354,-7.14403425786568
"TraesCS1A03G0588700",-0.442913485160853,7.03064262468996,-1.3642459144058,0.180575669506759,0.43862228870727,-5.76639292922627
"TraesCS7A03G0982800",0.33653761456188,9.20654019008278,2.14884062865153,0.0381301282619161,0.176868667239009,-5.2026425683688
"TraesCS3A03G0763900",0.227501954569317,7.3886415592746,0.793030944908166,0.432720210447038,0.694155337592123,-6.487113922475
"TraesCS1A03G0554000",-0.449790117109683,6.36439293060479,-1.07468435785771,0.289343148645663,0.5698062006577,-5.87147676805459
"TraesCS5A03G0180500",0.262827379692476,9.85160722143082,1.82943680780336,0.0752477814166878,0.265783448123163,-5.91856036833457
"TraesCS2A03G0775000",-0.470038416422477,7.76461802797678,-1.78811097488633,0.0817940212215146,0.276088893677784,-5.35999803107598
"TraesCS5A03G0784200",0.11840594873424,6.80246100342056,0.333302700220373,0.740751592466061,0.877505732613642,-6.51713375349375
"TraesCS2A03G0342800",0.836091777053058,4.54652907233505,1.289550593756,0.205058512267937,0.473597771501969,-5.23447550759064
"TraesCS7A03G0401100",-0.0356749396410212,9.1341750385265,-0.215802429700171,0.830304565917284,0.921231290715142,-7.33066945334324
"TraesCS7A03G0785000",0.201217819518379,5.7139818462964,0.422271963910843,0.675223997772472,0.842867448105534,-6.22157937429032
"TraesCS1A03G0452600",0.292754090956703,7.5696806939403,1.04358838956132,0.303318661757892,0.580983506352181,-6.35878035320813
"TraesCS4A03G0117800",-0.737376866595328,6.66773363234814,-2.05340204678333,0.0470155654666722,0.200556673548845,-4.56903735555945
"TraesCS4A03G0462400",-1.9773270149928,4.69669335928049,-3.08183238798924,0.00383234188504859,0.0298071035503779,-1.97063129003745
"TraesCS1A03G0896900",0.245197455596083,8.62216400350346,1.30608437110376,0.199433359249328,0.468339817043354,-6.35389712592879
"TraesCS7A03G0476100",0.0979675958136688,9.44969438737179,0.65095626906406,0.519021057136034,0.749805279539862,-7.2140166199309
"TraesCS4A03G0205200",-0.972869274081076,9.90943690340369,-7.17888618767991,1.47091244718579e-08,4.53041033733224e-07,9.04153644508178
"TraesCS6A03G0859200",-0.261414778876342,6.90779997368207,-0.770661370459911,0.445708469153825,0.705523540208754,-6.32625591745769
"TraesCS1A03G0954900",0.603823227493034,9.65826916621667,4.28632532825747,0.000120995990106423,0.00157910020986349,0.0897953221941039
"TraesCS7A03G0407600",-0.156024380950626,10.4831845638708,-1.40187630713303,0.169128447249345,0.422821118123361,-6.76265111666357
"TraesCS6A03G0957500",-0.588658316088066,6.79262026343805,-1.593874310796,0.119310931295524,0.349662696362552,-5.3905769427965
"TraesCS3A03G0948300",0.0755078252394329,8.18662120482427,0.343073144079723,0.733448289460027,0.871535776055897,-7.00670943935059
"TraesCS7A03G0387500",0.510664971721943,6.0677627447003,1.0948738219476,0.280514482454267,0.559154043625859,-5.77782954040312
"TraesCS3A03G0094800",-4.27189717235145,8.06378503453516,-13.5421846063261,4.61783863387998e-16,8.88933937021897e-14,26.1710242088717
"TraesCS4A03G0902600",0.838756147792792,4.29141799643561,1.22371328203779,0.228650167815104,0.492493251446238,-5.25852184864377
"TraesCS2A03G0786900",1.20255909601533,6.22886672371629,2.76684730565167,0.00871882206487645,0.056894008389448,-2.93699658545004
"TraesCS7A03G0572900",-5.35751659332682,5.40843740267045,-7.76983954535968,2.40891921217976e-09,8.97739033617641e-08,10.6915639728753
"TraesCS4A03G0124400",0.241285798533724,7.52565028743734,0.939315837591176,0.353545405226932,0.615904891458683,-6.44924830539445
"TraesCS1A03G0622500",0.378610035929493,10.5495134283619,3.51229175350544,0.00117083780570082,0.0109944525657272,-2.2906808447141
"TraesCS2A03G0832800",-0.0712973686653096,9.36951938886058,-0.426604071087681,0.672092871219025,0.842867448105534,-7.32090399408835
"TraesCS4A03G0833100",1.1913544486905,3.86798149013536,1.57242285945844,0.124204560642553,0.35421300627691,-4.7624601150499
"TraesCS4A03G0122800",-0.185973658895799,6.63633432405199,-0.628779576410172,0.533283086634728,0.759016592807284,-6.56626047157642
"TraesCS7A03G0458800",0.127739385436873,7.10528276908842,0.416220409543935,0.679607688370869,0.844637881809002,-6.64968557521348
"TraesCS3A03G0884700",1.43339289464843,7.25423579142919,4.67658262866651,3.67767538437422e-05,0.000602512775737904,1.96335837050501
"TraesCS1A03G0561600",0.481752174003577,9.14104489080493,2.86701449793845,0.00674438395201018,0.047643813238971,-3.53438901202388
"TraesCS4A03G0198000",-0.0840393296375483,6.1353934032166,-0.231269888839923,0.818355174500855,0.917224868072283,-6.5696531925256
"TraesCS7A03G0991400",-0.33321010937343,7.87964220564389,-1.36475988260306,0.180415382733289,0.43862228870727,-6.05559642015975
"TraesCS7A03G1099200",-0.619811465667227,7.13791565867795,-2.81978951539558,0.00761658630605958,0.051610642151241,-3.38065666076848
"TraesCS5A03G0082300",-0.508909112077212,6.72506114523536,-1.56196378474947,0.126648952353675,0.357466785928753,-5.4841714725175
"TraesCS7A03G0845300",0.557979689224499,6.61031366569164,1.4511087645326,0.155016459500675,0.405995489168435,-5.51080129310987
"TraesCS4A03G0186300",0.22250019246036,7.07151537165741,0.684725542952999,0.49770347924537,0.732756556441558,-6.47544147763989
"TraesCS2A03G1060300",-1.68073134003404,4.13719870035111,-2.49577422210207,0.0170614117724024,0.0970019893141331,-3.2445557877761
"TraesCS5A03G0378700",-0.168116914293868,6.69722956749962,-0.46129437541236,0.647236693347521,0.833398417855503,-6.45721102190772
"TraesCS7A03G0455600",1.85623431361565,4.14871698234112,2.55995754654156,0.0146011661563646,0.0864838303107747,-3.06289280082354
"TraesCS1A03G0835900",-0.146718842119575,6.3748706195377,-0.385684170501031,0.701897403946588,0.857874604823607,-6.44143013714272
"TraesCS1A03G0747100",0.634794171646273,6.77099015573238,1.74847156413978,0.0885182678209938,0.293789078543815,-5.08803824914815
"TraesCS2B03G1066100",0.538796207773246,7.53707972024053,2.19093447718013,0.0347073575455483,0.161967668545892,-4.64800854995567
"TraesCS1B03G0547800",-0.36515090241378,4.72579988694437,-0.59237622667545,0.55713353465468,0.777160908848013,-5.86439840089616
"TraesCS6B03G1143700",-1.13687690231156,7.64055870021237,-4.26781503678991,0.000127947252623548,0.00164198974200219,0.635330083112683
"TraesCS7B03G0229800",-0.816944262747644,5.91309565737652,-1.67790739934024,0.101633938045241,0.324209207308776,-4.97408734968764
"TraesCS2B03G1252800",-0.224650906172971,4.41716679976833,-0.344712886231237,0.732225033432459,0.871427010421937,-5.93625557777988
"TraesCS5B03G1092500",-0.429154890399416,8.30275222298103,-2.10871045530891,0.041667752215731,0.190977197655434,-4.97873538839773
"TraesCS5B03G0065800",0.781646007464956,9.69410465689283,5.24007850886087,6.37893797990315e-06,0.000119799566939645,3.04296194450295
"TraesCS6B03G0607000",-0.125336425743449,6.42348798766087,-0.309485835336868,0.758655333694515,0.886767724848867,-6.39868148973028
"TraesCS6B03G0988700",-0.668682826247437,8.95120106190417,-3.73035080626936,0.00062740834210956,0.0062740834210956,-1.24182913217112
"TraesCS2B03G0517200",0.386685695238351,6.33728981419743,0.963353269891468,0.341506281310648,0.610530709016105,-6.04348392047849
"TraesCS6B03G0978000",0.545671412840006,6.35382069050442,1.37002605261851,0.17877939588651,0.437016301055914,-5.5790377830338
"TraesCS5B03G1150200",1.7725297534846,9.46449916216051,6.75906381284591,5.41321679176234e-08,1.5437692332063e-06,7.76288389604347
"TraesCS6B03G1047500",2.81114201818828,8.39963751034055,12.9656483960082,1.79555667526524e-15,2.76515727990847e-13,25.1809722176174
"TraesCS1B03G0935300",-0.298740159138799,5.75995936213197,-0.686474662969249,0.496612658883208,0.732551240115077,-6.16087123233876
"TraesCS4B03G0705800",-0.107067782199846,4.91194914622771,-0.206447783914361,0.837551557995234,0.923946561112221,-6.22116535635825
"TraesCS3B03G0502900",0.159506573915539,7.78995574259703,0.639893706669202,0.526109800971221,0.753047769875035,-6.74113367034907
"TraesCS5B03G0611500",0.372325505396263,5.73162242459471,0.728226520477759,0.47097213520071,0.722407458375591,-6.02975366399772
"TraesCS5B03G1294900",0.733055163383932,7.69709707762464,2.85247467936489,0.00700244508135244,0.0490171155694671,-3.17228956164099
"TraesCS7B03G0976000",0.0789750843539015,9.85024280410793,0.623746663958088,0.536548273204988,0.759452519058532,-7.46208280202199
"TraesCS2B03G1445100",1.04137746741061,12.4707749323259,17.3428861878898,1.45374516035284e-19,5.59691886735843e-17,34.0357482472901
"TraesCS3B03G1050400",-0.528012459849899,6.94062852089934,-1.52766309133304,0.134939722078403,0.367618156314394,-5.49448293904656
"TraesCS4B03G0700400",-0.407776581421321,7.28950877153139,-1.55773376032387,0.127648551332423,0.357466785928753,-5.67086480005077
"TraesCS5B03G0627800",0.114607106069058,7.9104815188642,0.494363254024011,0.623916838419581,0.825894568987846,-6.87045784509618
"TraesCS4B03G0641600",-0.384024954160657,4.14022809258247,-0.567226254677441,0.573921194896378,0.78914164298252,-5.82601723507817
"TraesCS5B03G0890600",0.326281796611299,5.48091755484765,0.639822718694281,0.526155454795803,0.753047769875035,-6.03086019645013
"TraesCS2B03G0967600",-0.75486520029355,8.19364261801773,-3.73282413834629,0.000622935278071778,0.0062740834210956,-1.10876117880295
"TraesCS5B03G0938100",0.972052033353738,6.78309528521657,2.65084888242413,0.0116708893866391,0.0718926786216966,-3.34316025373049
"TraesCS5B03G0825400",-0.0486731764789105,11.1022965021568,-0.549867191412915,0.585652057480253,0.80098061147388,-7.79478566707946
"TraesCS6B03G0772400",-0.154350793376294,7.233112687581,-0.489602396058164,0.627250839597032,0.825894568987846,-6.61056922140846
"TraesCS3B03G1059200",-0.236958088940485,5.76206360368816,-0.434810780067577,0.666177521003283,0.842867448105534,-6.15831446865251
"TraesCS5B03G0904300",-0.709700285642537,10.5610472666583,-6.35568202388126,1.91247741912199e-07,5.07795728525494e-06,6.29127717238293
"TraesCS3B03G0444100",-0.508420959040497,6.89099903858286,-1.4202207237738,0.163757215506888,0.412603068370951,-5.64460761025353
"TraesCS3B03G1040700",-0.50803425659068,9.11215324951316,-2.80276330385814,0.00795604804388005,0.0532709303807621,-3.68416987941996
"TraesCS1B03G1027000",0.734996733464353,5.4249925568908,1.35071775404418,0.184834238111708,0.441994917223649,-5.29336328655135
"TraesCS1B03G0544000",0.313444609537093,7.9979177658218,1.26173284525634,0.214792166343946,0.485014569163748,-6.23540261785032
"TraesCS5B03G0074700",0.0859190489418959,10.54826683741,0.806924673044321,0.424769146348371,0.686810789033178,-7.44728376457537
"TraesCS5B03G0837000",-0.124133971836,7.06718049844744,-0.388744462731234,0.699651094063384,0.857874604823607,-6.61749500436044
"TraesCS2B03G1047700",0.0277309382723408,10.8024516020789,0.272101636960544,0.787027887351922,0.897954626048921,-7.82744524959706
"TraesCS5B03G0765400",-0.038977960688602,6.08949640731952,-0.0900440948730336,0.928728648365862,0.966140815749975,-6.42079590560255
"TraesCS5B03G0592300",1.17934990195872,3.51139612235801,1.44522522973317,0.156652380017334,0.408889263096091,-4.88831179967026
"TraesCS1B03G0615800",0.402604286895027,9.69787655294552,2.75830990975591,0.00890987321512328,0.0576521208037388,-3.95238782975722
"TraesCS2B03G1169000",0.686132207919931,5.28493267869861,1.20641186952083,0.23517144652093,0.497478059948121,-5.50605072619494
"TraesCS6B03G1111900",-0.245186495188348,7.28594339672227,-0.833986232215457,0.409539613923901,0.676344881305488,-6.41905704335448
"TraesCS2B03G1257700",-0.402387663912521,11.2817742565812,-4.68674763994583,3.56429736107037e-05,0.000596632384353084,0.884094283500009
"TraesCS3B03G0248100",0.250812217880696,8.42614573341347,1.14509652923693,0.259383441008969,0.532158287906591,-6.48861447517251
"TraesCS6B03G1091900",-0.0784709570458585,9.07601442220195,-0.467215317296553,0.643033825761735,0.83148870605586,-7.22417669259181
"TraesCS5B03G0090900",0.998096001624965,6.96562571975719,2.82807063102291,0.00745640550147522,0.0512627878226421,-2.95729949052113
"TraesCS1B03G0494100",0.352822154431211,9.84023482851738,2.55585816253338,0.0147480192841753,0.0866868309069849,-4.46454633106013
"TraesCS5B03G0278400",0.366248439571707,4.96799557826623,0.60965102149266,0.545748417435454,0.768238174452102,-5.92997423166719
"TraesCS5B03G0904200",-0.191487888428481,9.52200097726942,-1.28846874727016,0.20543072166449,0.473597771501969,-6.65199383515695
"TraesCS3B03G0236200",-0.491160501641068,10.5560417357981,-4.36176381610567,9.62989756234242e-05,0.00137315205981549,0.127203638782016
"TraesCS5B03G0918500",-0.864876583794267,7.56343892292322,-3.35296200725373,0.00182980341366778,0.0156549847613799,-1.89526614342791
"TraesCS5B03G0745100",0.197439125499662,9.75909748265271,1.58495218515717,0.121326879659469,0.349893997519816,-6.44332709693052
"TraesCS7B03G1200500",0.679653610913242,5.88722485971331,1.20200549521937,0.236853982864988,0.499664566591892,-5.57196871214526
"TraesCS3B03G0959100",0.873004871168721,6.74993650432853,2.4144726889809,0.0207190402123686,0.110789312246693,-3.91174774680724
"TraesCS1B03G0663400",-0.159730755147389,6.29526458536883,-0.407590242008297,0.685878812926301,0.847715386762844,-6.42299814984123
"TraesCS1B03G0794700",-0.30619010464327,7.20311528422536,-1.00166885086414,0.322886728327455,0.599457358355979,-6.22458388850695
"TraesCS2B03G1351700",0.506018137259603,9.4753102839393,3.39847606854279,0.00161207781668354,0.0142678151591531,-2.29286450633564
"TraesCS3B03G1350700",-0.312091382499771,6.40997997946495,-0.701759661493453,0.487136982256436,0.728786093344605,-6.29187487716348
"TraesCS7B03G1185200",0.147355327144869,10.0545686154854,1.11324997373189,0.272645722392105,0.551016289348875,-7.0012521896701
"TraesCS6B03G0739300",-0.319062183784181,6.92472086178128,-1.00873808290902,0.319528053301832,0.597176216122356,-6.16961725933214
"TraesCS2B03G0906400",0.544757717274264,7.62828024659796,2.05214453155174,0.0471438414445986,0.200556673548845,-4.85144969356949
"TraesCS2B03G0579800",0.688594313696053,8.93864688108153,3.83645113260988,0.000460902241604773,0.00492909341716216,-0.944541960897389
"TraesCS6B03G1024300",-0.121306729868732,9.05823490803011,-0.728938761717745,0.470541421286705,0.722407458375591,-7.06179665831445
"TraesCS6B03G0583900",-0.66085590496684,9.90289100581147,-5.27177953271104,5.77594854677468e-06,0.000111187009525413,3.04748992117469
"TraesCS1B03G0341500",-0.126643640647137,8.52183431379705,-0.671730096233339,0.505849343935371,0.739096764383749,-6.96548310518298
"TraesCS3B03G1501900",0.0298381624141531,5.72277850846633,0.0601506996288023,0.952353199406141,0.979054690978275,-6.27111325482574
"TraesCS3B03G0992900",-0.652141566813536,3.40359587115789,-0.799322126261395,0.429108860687904,0.69124230696587,-5.50412521080522
"TraesCS7B03G0392300",0.069637596227515,10.7177539290288,0.66450790958899,0.510407754817465,0.741535794734808,-7.58461893978588
"TraesCS6B03G1166500",0.395157350487872,5.42753545149585,0.811091157794484,0.422402173492031,0.684736154923925,-5.96638582929109
"TraesCS4B03G0628700",-0.0939895899963231,8.13131621327741,-0.427581816208092,0.671386999421641,0.842867448105534,-6.97988890952296
"TraesCS5B03G0619800",-0.131510314930399,6.35382323453554,-0.355600126604067,0.724121175223345,0.86834707316877,-6.48462989958998
"TraesCS3B03G0286900",0.515731110810104,10.046555821665,3.79068284955651,0.000526679316113833,0.0054803118028061,-1.37670172438042
"TraesCS1B03G0667900",-0.587505673289672,6.82858560764983,-1.67226327218357,0.102749210623432,0.325583918436388,-5.26943003843039
"TraesCS1B03G0144000",0.245938421239877,5.42599178464458,0.449452340027382,0.655677621562087,0.842857710522216,-6.06536350337423
"TraesCS1B03G0044800",0.0944062453168799,8.26415368212644,0.434174968576434,0.666635045494566,0.842867448105534,-7.00009399654257
"TraesCS7B03G0149400",1.73064318579736,6.91587528309294,4.30065173231043,0.000115871255631613,0.00156527836554986,0.913850710338562
"TraesCS3B03G0623800",-0.303084886866078,8.31852490301724,-1.38504785835321,0.174175781168042,0.42848355111627,-6.1634024587484
"TraesCS7B03G0320100",1.23096318373705,6.47388937710784,3.07157443027552,0.00393888592268809,0.0303294216046983,-2.288447074936
"TraesCS4B03G0029700",2.05277355475995,5.47868826967183,3.75448962340299,0.000585049286939133,0.0060065060125751,-0.325082511281922
"TraesCS3B03G0327700",-0.225934900353116,8.0484927748858,-0.960863408559096,0.342740511441903,0.610530709016105,-6.55506798528838
"TraesCS3B03G0927900",-0.392132696100157,8.20967779331101,-1.70045793035219,0.0972775917580185,0.312098940223643,-5.66545363668337
"TraesCS2B03G1235600",-0.0244599160853395,8.33876317812982,-0.114367562144963,0.909553077883669,0.956770314167248,-7.11762791857713
"TraesCS2B03G1137600",0.0844408687035516,11.4355820165995,1.01986221826677,0.314291144724611,0.59329532466952,-7.50749973132929
"TraesCS1B03G0233100",-0.419500805543483,3.68433136336365,-0.561025604801142,0.5780981468484,0.793468044693882,-5.73036730533624
"TraesCS6B03G0380000",0.0609450364555744,5.61959627407008,0.164259127463667,0.870404261073844,0.942631900178425,-6.5728657923237
"TraesCS6B03G0461000",0.516458541688034,6.43125985332148,1.22227747230616,0.229186208262908,0.492493251446238,-5.72880039350529
"TraesCS5B03G0160200",0.0648713833242664,10.3364130970809,0.573605738831712,0.569639353799247,0.786061473880681,-7.53381998082343
"TraesCS2B03G1103500",0.140970230843739,8.06738341271594,0.625267562238669,0.535560462804474,0.759452519058532,-6.84812569228787
"TraesCS6B03G0370800",2.22864765014446,5.27388494717159,4.0934437876227,0.000215846568699746,0.0025182099681637,0.583998030849346
"TraesCS3B03G0303600",0.271914827314969,7.8067814011702,1.0131285501319,0.317454099938411,0.594743690882181,-6.4225873220177
"TraesCS5B03G0338200",-1.07340546322802,5.07630567675638,-1.85150135291838,0.0719385395947325,0.259014832125987,-4.53374605505205
"TraesCS5B03G0918300",0.123839267117497,8.25167806213213,0.587067530108743,0.56065630804303,0.778403450158354,-6.91580616791068
"TraesCS7B03G0373900",0.496054537371228,3.78318179947986,0.674471846663617,0.504124692902812,0.73797721204404,-5.6631389652367
"TraesCS1B03G0515500",0.448125226710426,4.75475054866387,0.760699589371772,0.451566099236991,0.706719301651388,-5.83478309630394
"TraesCS3B03G0871900",0.0240364908400602,6.30963574910585,0.0620214571436288,0.950873247773617,0.978969983465015,-6.51088670663806
"TraesCS1B03G1021800",-0.856555035567579,6.98345406612595,-2.68402417643813,0.010743944599949,0.0678101421472194,-3.35008474868056
"TraesCS3B03G1335500",-0.740836872211021,3.75802792278027,-0.873179456229268,0.388090656759172,0.65104532833238,-5.52014950911371
"TraesCS5B03G0955900",-1.73749266705624,4.103971084644,-2.40414283688907,0.0212314969546471,0.111974333253961,-3.35145859958897
"TraesCS1B03G0321200",-0.135862157461583,9.62993481485517,-0.942204553578255,0.352084007083972,0.61474985363868,-7.04708860744346
"TraesCS1B03G1014600",-1.05902298437824,6.03294013884723,-2.28580604064472,0.0279754771557173,0.138949841137102,-3.95080128614727
"TraesCS1B03G0934900",-0.116125318883563,8.84747487745392,-0.631043902527981,0.531817482254865,0.758332335807863,-7.0663018293367
"TraesCS5B03G0592600",0.103936768509101,8.47038877887125,0.535632348851554,0.595357256264254,0.809938316825928,-7.03084155560371
"TraesCS6B03G1038400",-0.279988694774986,6.34164798901254,-0.712120083606376,0.48077239379545,0.727751802571266,-6.22669922328544
"TraesCS6B03G0770900",0.0655528380391549,6.94096357497764,0.207914300431547,0.836414490531338,0.923946561112221,-6.77480882829242
"TraesCS2B03G0434600",-1.28017318049257,6.83173050159845,-3.4560277981926,0.00137209566184281,0.0124295724661054,-1.3759041792452
"TraesCS3B03G1130000",0.489891509482425,6.87344674726184,1.30304074068757,0.200459970671732,0.468339817043354,-5.8203278372505
"TraesCS6B03G0462600",0.0667905193120273,9.53271398028275,0.415544472665817,0.680098034703352,0.844637881809002,-7.35862347687796
"TraesCS3B03G0912100",0.0809077510828663,10.9007984823061,0.832802260449696,0.4101987786619,0.676344881305488,-7.55484124042557
"TraesCS5B03G0461300",-0.460143047925913,10.0587683784907,-3.38434202661463,0.00167688881543835,0.0146727771350855,-2.50579354507311
"TraesCS4B03G0818100",0.0343955868184098,9.92931534048458,0.266036949279881,0.791659659647411,0.90041054346899,-7.54060288264958
"TraesCS2B03G0397100",-0.114335936205226,10.0524203064607,-0.884349347764192,0.3821104526542,0.648072794149194,-7.20652625098518
"TraesCS1B03G0646900",-1.26613163129549,9.2326333650967,-6.45018035359295,1.42193833246998e-07,3.91033041429245e-06,6.95454215226923
"TraesCS3B03G0716500",0.155055672481207,5.89954496635458,0.330521151768581,0.742835256672082,0.878622346601388,-6.28815294010748
"TraesCS2B03G0222400",-1.10497634551816,3.75802792278027,-1.41989925171739,0.163850177852396,0.412603068370951,-4.94566534086043
"TraesCS4B03G0899400",-0.0583991764933624,4.94417222522121,-0.0917130718318763,0.927411388805165,0.966140815749975,-6.1041647114348
"TraesCS3B03G0397400",-0.477771975604067,5.84846232245332,-1.01969491088867,0.314369470733979,0.59329532466952,-5.82298687797155
"TraesCS3B03G0705400",0.444572370461437,6.10474034540004,1.06470357605162,0.293778844702286,0.571578787969752,-5.85832749208217
"TraesCS3B03G0106500",-0.366952794198831,6.45412822303644,-0.87763649932522,0.385697338777748,0.649522279079315,-6.09260682956565
"TraesCS3B03G0949200",0.247866037131706,5.5278960294337,0.47030810911547,0.640843170554843,0.830722628497019,-6.09232713754582
"TraesCS3B03G1232700",0.00456402004724597,9.39727968147188,0.0285566204821336,0.97736877620967,0.994153180556731,-7.42187706152877
"TraesCS1B03G1140000",0.102252627693607,6.92773979871965,0.318828626703123,0.751615437472539,0.884929490602225,-6.6378028985047
"TraesCS5B03G0477600",0.817933026153642,6.15984931538443,1.93191198076011,0.0609083623455224,0.241749685598208,-4.69620402896424
"TraesCS6B03G1139500",-0.0161348026021049,9.37511731563039,-0.0942894516879827,0.925378358472571,0.966140815749975,-7.41293767913509
"TraesCS5B03G0078200",-0.24840612961819,8.0304029599445,-1.09966387142655,0.278448057215952,0.557444301486217,-6.41770034932732
"TraesCS6B03G0832100",-0.221960286657849,6.93829110260654,-0.676496140494616,0.502853419152646,0.73797721204404,-6.43723714733624
"TraesCS3B03G0401100",-0.64642125679538,7.15691009795736,-2.05330969650436,0.047024975487554,0.200556673548845,-4.73586845317116
"TraesCS6B03G1226600",-0.703289273942544,6.70715528049185,-2.07150235433518,0.0452027541937754,0.19881325847476,-4.56475595106326
"TraesCS2B03G0528900",0.373372438245263,5.9259946507458,0.993707762421711,0.326697706487437,0.603254757782558,-6.06782018450265
"TraesCS6B03G0979900",0.888073136410207,6.53822340945053,2.29022989724685,0.0276922443980692,0.138461221990346,-4.17628599112562
"TraesCS3B03G1498800",-0.216927193972749,9.97026001127906,-1.65293396689825,0.106645597891972,0.332457936748253,-6.25391079627416
"TraesCS5B03G0721300",0.172248536130252,7.31212215315872,0.584788794817735,0.562171878373144,0.778547385516764,-6.63010895508715
"TraesCS6B03G0692100",0.171744190140324,8.94157123261432,0.948419459880932,0.348953399028963,0.612059492602054,-6.8385633287307
"TraesCS5B03G0710400",-0.123342061716186,9.13677652762681,-0.739182068127627,0.464372060229941,0.719449670778782,-7.09826727489832
"TraesCS3B03G1209200",1.31410565189311,9.58181555863848,9.10634475281908,4.61768016000708e-11,2.37040914880363e-09,14.8651444951488
"TraesCS6B03G0051700",0.325070005334056,10.9401947377886,3.42921174555411,0.00147931470557703,0.0132450270150502,-2.70306357631774
"TraesCS6B03G1038900",0.0470968466889182,12.1083498444122,0.691865980383106,0.493258777006107,0.731291492068236,-8.02799762403669
"TraesCS6B03G0847300",-3.75635072183457,4.45460635124648,-5.31596934418782,5.02885730302574e-06,9.92876954699954e-05,3.91067639311711
"TraesCS1B03G1205300",-0.682671069940237,11.3650711005331,-8.27714861721371,5.24100104891805e-10,2.24198378203717e-08,11.9867265560112
"TraesCS2B03G1308200",0.0408595085386058,9.93611852819325,0.307357114610314,0.760262288296711,0.886767724848867,-7.54921496119341
"TraesCS2B03G0535000",0.564604997728161,9.47565982796514,3.91487416281829,0.000366264279338447,0.00397216190268457,-0.947052308869864
"TraesCS2B03G1455800",0.00298624175148768,4.75246775571844,0.00541418501922563,0.995708661906059,0.998470779567651,-6.14609317658845
"TraesCS3B03G0935000",0.290107957612289,8.77824053312003,1.61661523043106,0.114295919095481,0.343780694154376,-5.94764828168482
"TraesCS4B03G0264500",0.0620498867855662,8.42239776001064,0.311232059096836,0.75733793181109,0.886767724848867,-7.09414494087614
"TraesCS3B03G0239800",-0.248857662328754,6.8768588056055,-0.700171366275204,0.488116868389642,0.728786093344605,-6.39766498595459
"TraesCS7B03G0325100",-0.309396333152419,9.53912444516756,-2.0839666290862,0.0439903143820636,0.196933384152262,-5.3566810692463
"TraesCS5B03G0947000",-0.835316981843868,5.10039070251298,-1.73241212271764,0.0913714980091715,0.301399179770837,-4.86236456835014
"TraesCS5B03G0157600",-0.0674027016045102,7.24359537934765,-0.229539457117889,0.819689898222547,0.917385496557211,-6.74091840432519
"TraesCS2B03G1388300",0.112786247697772,6.21484378157737,0.27191800741073,0.787168016341587,0.897954626048921,-6.38203518727823
"TraesCS6B03G0403900",-0.151471244688732,7.14818149170794,-0.472654998153499,0.63918301325628,0.830722628497019,-6.59572075144767
"TraesCS2B03G1473200",0.0717428780841179,8.57485299165111,0.364412109406197,0.717585441511919,0.864696071931421,-7.12887087751086
"TraesCS2B03G1269500",0.340903137612487,8.94136257817841,1.65074752745044,0.107093909991295,0.332509317311682,-5.94098501958151
"TraesCS6B03G1224500",0.127973293358241,6.35734609238109,0.302054643116211,0.764269750285701,0.886767724848867,-6.38256594736633
"TraesCS3B03G0041000",0.240268192284168,8.5361593890806,1.1930419913767,0.24030389823753,0.502538042824402,-6.46813303611295
"TraesCS3B03G1193600",-0.0843862702233285,4.25397844495746,-0.125160512565263,0.90106120929565,0.95557089575089,-5.96708874903415
"TraesCS6B03G1143900",0.0193674570672992,5.41635890533059,0.0363778740183119,0.971172909287264,0.991781352985667,-6.24829534411522
"TraesCS1B03G0948300",1.04265468782522,4.63766433659423,1.55959722789186,0.127207410639425,0.357466785928753,-4.88878595362058
"TraesCS7B03G1186000",0.0288899875790326,11.4207752419852,0.354979864168193,0.724582011680405,0.86834707316877,-7.97812096608525
"TraesCS1B03G1197900",-0.598373243282886,4.21374133621319,-0.887369042985665,0.380503895051871,0.646772625143357,-5.61929732254854
"TraesCS4B03G0038400",0.0536062281666049,8.71885493076985,0.295724530973795,0.769062479952056,0.890493397839223,-7.18518906186522
"TraesCS3B03G0971600",0.454667164757273,6.35300271631402,1.0990270693606,0.278722150743108,0.557444301486217,-5.84793995749658
"TraesCS6B03G0505800",-0.103531730716021,6.52616344746207,-0.278402578498456,0.7822239707127,0.897954626048921,-6.55541964571058
"TraesCS1B03G0947900",0.0945341048967535,8.94596798139689,0.55601969438254,0.581481100672807,0.796691187754558,-7.14098021111241
"TraesCS3B03G0767100",-0.345913300211252,9.32084236642598,-2.28308653445038,0.0281508769056987,0.138949841137102,-4.9281584981295
"TraesCS7B03G1176800",-0.078014362066351,12.2479753231546,-1.26897194318147,0.212226393185591,0.482048149713585,-7.51535578078707
"TraesCS7B03G1255800",0.547836443473754,8.24870709151556,2.46279595226084,0.0184675893579663,0.101355595913624,-4.21753520623816
"TraesCS6B03G0752000",0.0550802903169212,8.73674058409747,0.304395989879694,0.762499407654903,0.886767724848867,-7.19464169007177
"TraesCS1B03G1029300",-0.535561179334972,6.09451848319281,-1.24711721805117,0.220043175187455,0.486877140500977,-5.6190747965435
"TraesCS2B03G0944400",1.10797404578535,7.03906932078615,3.46765158748322,0.00132797163485315,0.0121730733194872,-1.42920494312369
"TraesCS3B03G0598400",0.0404539168222397,9.08170930883774,0.239534109384393,0.811988398917794,0.912746083455039,-7.30707745739175
"TraesCS6B03G1143600",-0.772230235914207,8.00650661963106,-3.18886674959889,0.00287169094452346,0.0240348046443812,-2.4106514109765
"TraesCS2B03G1008800",0.352332435527028,6.87502051590259,0.949243465342712,0.348539711147116,0.612059492602054,-6.18434313715775
"TraesCS5B03G0269000",0.0877677835311947,10.7189977772108,0.81723401229629,0.418927127217441,0.681974393144671,-7.47901379587318
"TraesCS1B03G0495300",-0.257047905623245,4.36888036845808,-0.37657978543494,0.7085961557222,0.859242582529282,-5.94837310532404
"TraesCS2B03G1193800",-0.579652655485426,4.73621159441556,-0.9004978120094,0.373569327652657,0.639218627316769,-5.64142616077222
"TraesCS4B03G0101000",-0.142112265527306,6.70143973969407,-0.38293055983982,0.703920922962539,0.857900027356949,-6.49645829986453
"TraesCS3B03G0526400",0.307767175386319,9.25764404118291,1.79918036601984,0.0799950729077781,0.276088893677784,-5.7921733850501
"TraesCS3B03G0313700",-0.213282351255375,9.17164183446464,-1.25785769416222,0.21617516922996,0.485049960430509,-6.56546967967664
"TraesCS5B03G0726500",-0.20290563275752,7.42127065658151,-0.758998724530548,0.452570734037189,0.706854899003317,-6.64320403345638
"TraesCS3B03G0321000",-0.237077370016655,8.60054285155501,-1.23027607322357,0.226211856440111,0.492493251446238,-6.44517273036687
"TraesCS6B03G0147400",-0.705822785420869,12.9231766249561,-11.6666812383872,4.43206364268284e-14,4.26586125608224e-12,21.0217749832583
"TraesCS5B03G0163800",-0.909489622563283,7.34066422839793,-2.96724760144446,0.00519330981774741,0.0379573872408394,-2.74577110455574
"TraesCS4B03G0706300",-0.0731711773020878,9.13750595977697,-0.430597761250198,0.669211573862411,0.842867448105534,-7.27853833074841
"TraesCS1B03G0097100",0.655274150105233,5.91075912857008,1.34437497538266,0.186857330810354,0.444435500580641,-5.4253376073364
"TraesCS7B03G0208000",-0.335230364906689,6.52212036794088,-0.845661944982781,0.403074428732673,0.670339762687167,-6.20830513174576
"TraesCS7B03G1178300",-0.721283146204294,9.47240275619747,-4.40765553764782,8.37714438734273e-05,0.00124046176504883,0.586433464155439
"TraesCS5B03G0896300",0.138121699641094,7.85997946401326,0.533705055093765,0.596677117066374,0.810302257744459,-6.80960780915852
"TraesCS2B03G1064800",0.0286966439955158,5.57294987199436,0.0639143416850676,0.949375970904138,0.978969983465015,-6.35186515926706
"TraesCS2B03G1282700",0.0229594591057102,8.6921560753079,0.120472018908952,0.904748718959055,0.95557089575089,-7.2102222291044
"TraesCS5B03G0616800",-0.118072977934972,6.19941948671643,-0.275744095985114,0.784249789556999,0.897954626048921,-6.38211447111344
"TraesCS7B03G0149800",-0.312521538512644,10.3244712729353,-2.62910814175905,0.0123177822453713,0.074682616763275,-4.44308617368636
"TraesCS2B03G1468300",-0.4890372277984,7.32784520544056,-1.91552994032533,0.0630293615642995,0.247615349002605,-5.19439995630174
"TraesCS3B03G0699500",-0.982767277238142,5.35737010022139,-1.70506139740499,0.0964076361883132,0.310602007803352,-4.78705995320615
"TraesCS1B03G0861700",0.632040001553769,7.02877354798197,1.85117926363756,0.0719859403570926,0.259014832125987,-5.02609479895544
"TraesCS2B03G1450200",0.0962368639760909,8.72192879565114,0.509559287024392,0.613328896118158,0.819926981438154,-7.10583507763771
"TraesCS6B03G0793800",-0.0655607216537609,9.22081921949725,-0.400311358706617,0.691185598178286,0.850195294400212,-7.32790250652327
"TraesCS4B03G0097300",0.737315670274101,8.07144443558725,2.99663754123429,0.00480634538232551,0.0359309314989383,-2.93022782749907
"TraesCS7B03G0157300",0.425853335714049,7.75555114266963,1.72160693259962,0.0933341778275355,0.304522529352552,-5.47902079123641
"TraesCS2B03G0463700",-0.270113987352311,5.93773708774637,-0.604703671128293,0.54899671885381,0.768928750151805,-6.16504764110488
"TraesCS1B03G0754300",0.108882372379473,9.19357251893411,0.655315596627122,0.516241812274493,0.747192096713083,-7.13914949138183
"TraesCS3B03G1335600",-0.198513483690511,6.69780410544008,-0.69089933122037,0.493859189448679,0.731291492068236,-6.61818418859814
"TraesCS5B03G0665000",-0.332365045289951,5.82849597937726,-0.667555720330147,0.50848135408344,0.741535308038349,-6.05643318086355
"TraesCS4B03G0131300",-0.040017937782373,9.8721481496324,-0.301494857051803,0.76469320688266,0.886767724848867,-7.50123948952666
"TraesCS2B03G0965300",0.366220229362716,9.07566165209833,2.062196001498,0.04612702109224,0.200556673548845,-5.25975931277073
"TraesCS5B03G0909400",0.312112438170911,7.53086549274824,1.12197450462414,0.268965324768193,0.545952510308131,-6.22531132886833
"TraesCS2B03G0528100",0.274600378317153,6.53618098819548,0.977162027162676,0.334715024443108,0.608026441872152,-6.41556115048895
"TraesCS5B03G0979400",-0.288178027111198,7.19857327616945,-0.921287420589808,0.362755917987398,0.626282638677795,-6.30634684909427
"TraesCS2B03G0557200",0.380332735025942,7.25207555724037,1.22659892067251,0.227575662392473,0.492493251446238,-5.98505666419034
"TraesCS7B03G1180200",-0.306519304327462,7.70153243853608,-1.27229972402957,0.211054674079306,0.482048149713585,-6.16249766349595
"TraesCS2B03G1440200",-4.69077714407472,8.21257519919372,-10.1376430648164,2.5378960142208e-12,1.39584280782144e-10,17.894358003025
"TraesCS2B03G1004500",0.058277861837328,10.1591136931064,0.419806347146853,0.677008695712969,0.84352216132522,-7.61479261608788
"TraesCS1B03G0959700",0.917873120746075,6.09227794553772,2.03722667852936,0.0486890846221591,0.204866640213456,-4.40976648008059
"TraesCS1B03G0518100",-0.301083409226215,9.45598707459698,-2.33984022884975,0.024687765809458,0.126730531155218,-4.95134327493305
"TraesCS5B03G1301300",-0.855643431283702,7.47769166320277,-2.84855699559676,0.00707353915586884,0.0490686950452163,-3.07874391855044
"TraesCS2B03G0952500",0.515638447316053,7.62774326195174,1.94585134219385,0.0591523251556783,0.237225470676418,-5.05298391959149
"TraesCS4B03G0028300",0.112589796765907,7.22578431393477,0.380417759405899,0.705769385388329,0.857900027356949,-6.75434874786287
"TraesCS4B03G0004400",-0.26096976413696,9.1286104617908,-1.59334284777165,0.119430245640716,0.349662696362552,-6.08633180348928
"TraesCS1B03G0668600",0.247496683049508,9.56809363861142,1.72418436187,0.0928628400058613,0.304273986402184,-5.99827991460915
"TraesCS1B03G0718600",-0.2682261506106,7.78868044867281,-1.04162635411334,0.304215864963912,0.581256119161817,-6.37910804124795
"TraesCS3B03G0330200",-0.687428072502033,9.12182943081796,-3.54087468220496,0.0010797769989391,0.0103928536147888,-1.80549646097779
"TraesCS1B03G0060300",0.0519762322091642,10.7917377266,0.482662244327722,0.632125189038451,0.825894568987846,-7.73611901092388
"TraesCS7B03G0122200",-0.500247615430885,5.30726210371001,-0.951003427231254,0.347657216949791,0.612059492602054,-5.74887705556981
"TraesCS1B03G0819300",-0.913722730042032,4.36152746491589,-1.29810135701896,0.202134548017001,0.470222362456468,-5.22800076341423
"TraesCS6B03G0127100",-0.156810601357209,10.1615643983185,-1.23295924030987,0.225220540751194,0.492493251446238,-6.90714791819298
"TraesCS1B03G0075200",-0.368293153244925,5.24555280517371,-0.715879381411117,0.478474691041488,0.727751802571266,-5.99024033186373
"TraesCS6B03G0314200",0.736961967975664,11.0853869288017,7.62010253890365,3.79817147440802e-09,1.27156175447573e-07,10.0563310604019
"TraesCS3B03G0496800",0.32323022492334,5.76328830971929,0.642660272321371,0.524332207364201,0.753047769875035,-6.06110030279045
"TraesCS3B03G0995600",0.133575069637311,9.23764647725111,0.762740804313723,0.450362166719779,0.706688053295481,-7.08922741810613
"TraesCS1B03G1151300",-0.834161771102553,9.71379115296628,-5.33348521262591,4.760072996204e-06,9.64541107125547e-05,3.33624675853808
"TraesCS6B03G0994100",0.440462136053253,8.01514428550542,1.86567125429248,0.0698793660917348,0.256255945590412,-5.32752558165013
"TraesCS3B03G1506500",0.0677833164634538,8.59713845120055,0.352163775775318,0.726675584615747,0.86834707316877,-7.13795269082004
"TraesCS5B03G1199500",0.047277428112548,6.49310486016488,0.117392607643736,0.907171850381689,0.95557089575089,-6.52773152062634
"TraesCS5B03G1033300",0.00922171352298798,8.64197804075215,0.0494932020615678,0.96078742194661,0.986408419865187,-7.20321520236176
"TraesCS6B03G0483900",-0.406482705413551,7.10343702821007,-1.39446427992776,0.171337291537033,0.422851648985627,-5.83111139486891
"TraesCS2B03G1307000",-0.158921842230804,11.0024928042674,-1.65710133345579,0.10579539688433,0.332457936748253,-6.53734127890014
"TraesCS5B03G0751500",0.113744380427088,8.13083404102264,0.516618999289541,0.608438206692622,0.819730762327758,-6.91246475699602
"TraesCS6B03G0016600",-0.127258871052268,9.70204754391476,-0.916669780998808,0.365139942707378,0.628988268198391,-7.08229390627333
"TraesCS7B03G0928200",-0.495940562865599,5.53954686134125,-1.05770705473914,0.296916414336948,0.57285883792703,-5.76205920482227
"TraesCS5B03G0075000",-0.0780088691445365,7.14555041421287,-0.256186318762097,0.799199123020966,0.902321590507543,-6.7329858225251
"TraesCS5B03G0450500",-0.259339197097911,11.2757694221339,-2.92803467112599,0.00575530919865229,0.0414167110557221,-4.02344398075581
"TraesCS6B03G0615400",-0.135714359073072,7.41484037253126,-0.470834405809673,0.64047071244802,0.830722628497019,-6.72312331757165
"TraesCS7B03G0296000",-1.14748646805337,7.30582110479165,-3.69082814132503,0.000703241278415963,0.00694225364590117,-0.865173684169416
"TraesCS1B03G1082900",0.585117007011466,4.08437906364647,0.688927754205746,0.495085050398705,0.731699594639162,-5.6701250472253
"TraesCS4B03G0256200",-1.11101966533113,4.00583265246073,-1.58552174722439,0.121197364608628,0.349893997519816,-4.76802079231332
"TraesCS7B03G0926700",4.29478939179031,10.5140199449773,27.8615285134368,9.15196844040937e-27,7.04701569911521e-24,50.710803324674
"TraesCS5B03G0555700",-0.596989962362365,8.05561181744098,-2.6578989091113,0.011467940526374,0.0712122113331286,-3.73664676618838
"TraesCS4B03G0894600",0.282147124213548,7.84407378415613,1.07188347560892,0.290583165400791,0.570788360608697,-6.3726447137458
"TraesCS2B03G0397000",-0.526614248496857,7.15486106693214,-1.86561120525441,0.0698879851610214,0.256255945590412,-5.1074258333293
"TraesCS1B03G0107500",-0.139219722517871,10.0671510126836,-1.06792633153688,0.292341417486561,0.571578787969752,-7.03293077192246
"TraesCS1B03G0907900",0.391786612554684,6.66446419240129,1.03526284634159,0.307138386752907,0.585387519306283,-6.0168918917307
"TraesCS2B03G1107800",0.0720558947746934,5.38039462318635,0.171944988488007,0.864400039097693,0.938770141192135,-6.44600264367003
"TraesCS5B03G1206600",-0.388526310432325,8.50061776295721,-1.87355854716587,0.0687551327985264,0.254526212763776,-5.45355510228438
"TraesCS2B03G0800800",-0.209966540887052,7.24915625891629,-0.703598335252052,0.486004008494643,0.728786093344605,-6.52241168992695
"TraesCS6B03G0132000",-0.0191599012155405,9.58434950530137,-0.133765354173553,0.894299318469846,0.953754120805791,-7.47626632020019
"TraesCS4B03G0070000",-1.06785050294628,5.22490771742697,-1.88827821441954,0.0666983466553301,0.250525497193191,-4.46185775502813
"TraesCS1B03G0659600",0.820044799016127,11.6221847688292,10.7895358025387,4.35458285469826e-13,3.04820799828878e-11,19.1009903369243
"TraesCS6B03G1264700",-0.715483910737774,5.39901588769081,-1.39535488251239,0.17107070306825,0.422851648985627,-5.28999938874585
"TraesCS6B03G0741700",0.258672049596684,7.29357995969615,0.879593021290267,0.384649704681173,0.649518141676542,-6.4183567314196
"TraesCS6B03G0147800",-1.05277573289714,8.94105565182763,-5.61838601659456,1.94473887959852e-06,4.04715928997529e-05,4.34922037249219
"TraesCS1B03G0654800",0.208149277742231,8.62072437178365,1.05621393520746,0.29758900671534,0.57285883792703,-6.63440005674731
"TraesCS4B03G0733400",0.319540109226798,11.7353910321868,4.24677096939808,0.000136325801819962,0.00172083389182574,-0.572318761494115
"TraesCS7B03G0331300",1.08942148332715,5.07987007139162,1.7872459328667,0.0819360308928548,0.276088893677784,-4.62665663549949
"TraesCS5B03G0053500",-1.77577632492184,4.78011411944702,-2.56741655947945,0.0143373942312985,0.0859456195586292,-3.10180767951625
"TraesCS6B03G1050700",-0.169921918540275,9.59319595604626,-1.22112542106516,0.229616983466493,0.492493251446238,-6.78833548691473
"TraesCS6B03G0920800",0.708714243945906,12.2082096336106,10.9785651042259,2.63909580878153e-13,2.03210377276178e-11,19.434685261442
"TraesCS1B03G0832300",0.420239323360293,6.60111523027083,1.13292306432742,0.264397109797337,0.538586705142723,-5.90562665614895
"TraesCS2B03G1304900",0.335191789665052,10.5567911799424,3.13948398742212,0.0032824519557454,0.0268881702757868,-3.28882679460432
"TraesCS7B03G1191500",-2.53784631981513,9.82155519529818,-16.6500628058275,5.68937708585655e-19,1.46027345203651e-16,33.1671268903119
"TraesCS1B03G0084600",-0.0489787068162838,9.71781128814568,-0.352222554214111,0.72663186501773,0.86834707316877,-7.46191741675682
"TraesCS4B03G0977300",-0.160899086007697,11.5435684461312,-2.00234186943581,0.0524762117513732,0.219601538307377,-6.13494275807707
"TraesCS2B03G1457000",0.182106507222396,8.42656115913859,0.829517672861028,0.412030871477486,0.677914040678769,-6.82104752728893
"TraesCS2B03G0528800",-0.0485716302054344,7.28400611249467,-0.154064279298402,0.878380458292283,0.944547549533814,-6.73768244909334
"TraesCS4B03G0034700",0.325294049008323,9.06537177645103,1.78677497533211,0.0820134330666304,0.276088893677784,-5.7540041220747
"TraesCS1B03G0962400",-0.212290277434025,7.13618987629721,-0.696680711329496,0.49027428097728,0.728786093344605,-6.49198228872486
"TraesCS3B03G1109400",0.219633051349531,7.67233438275625,0.841128005541333,0.40557741650658,0.673048729978592,-6.54385882933139
"TraesCS3B03G0201700",1.57150407775398,7.747487111403,5.75715185062377,1.25659858030337e-06,2.68772474120444e-05,5.17627958216808
"TraesCS2B03G0474800",-0.253300789163809,6.73655907587954,-0.714054436776534,0.479589326727979,0.727751802571266,-6.33449471987943
"TraesCS2B03G1135100",-1.45382946875777,8.73343858828565,-7.46729485312507,6.05838515276479e-09,1.9437319031787e-07,10.2257920269344
"TraesCS2B03G1138900",-0.421850136968457,6.9192058851134,-1.45556932436201,0.153785213940538,0.404145442778888,-5.7409427150303
"TraesCS5B03G0181500",0.232366535813973,5.91617552143281,0.483739153344891,0.631367733985848,0.825894568987846,-6.19935544627151
"TraesCS2B03G1487700",0.18260406454496,5.89815272873134,0.386577296323091,0.701241552320272,0.857874604823607,-6.2599952223026
"TraesCS3B03G0725400",0.417296458872522,8.10334344828902,1.88869738587443,0.0666405555325233,0.250525497193191,-5.30888390817081
"TraesCS1B03G0662800",0.359415865748702,11.2142096085793,3.99304587207909,0.000290838955473435,0.00324559414079051,-1.18563754843652
"TraesCS6B03G0841400",0.594354868754562,5.44133101232761,1.10738811702715,0.275138561003726,0.554598670086044,-5.58656996337336
"TraesCS1B03G0620900",0.267527103080486,6.91054490608595,0.762289215495848,0.450628356062443,0.706688053295481,-6.31793562928335
"TraesCS3B03G1176300",-0.0936973461542915,6.86853893437566,-0.285315743937872,0.776963216248573,0.896916947738664,-6.64110241029693
"TraesCS1B03G0988100",-0.494487482337579,7.07328398122373,-1.55537196228839,0.128209439703691,0.357685755695081,-5.55020869895552
"TraesCS5B03G0973000",-0.536281625848371,7.94948261203781,-1.99829340455253,0.0529318920357148,0.220117740426105,-5.04171701676115
"TraesCS7B03G1201100",-0.13351720339484,4.16631161892071,-0.283814710257521,0.778104572843412,0.896916947738664,-6.27613500278525
"TraesCS1B03G0549500",-0.281321764856955,10.7747199724092,-3.1307691596243,0.00336048986549441,0.0272376546992705,-3.46392528996804
"TraesCS2B03G0475100",0.588186691837119,6.43520468576581,1.48540228278719,0.145748208420746,0.389674029458244,-5.40000376935732
"TraesCS4B03G0599100",0.18426768347441,4.10278854110432,0.256742351790852,0.798773020733304,0.902321590507543,-5.91397166731051
"TraesCS1B03G1152500",1.37472629519304,5.36757775910741,2.46919993836884,0.0181865366920533,0.100745562970367,-3.41952843045505
"TraesCS2B03G0186000",0.715036438028889,5.68018592692417,1.30726417920847,0.199036488167441,0.468339817043354,-5.47409444825018
"TraesCS1B03G0805100",0.153252918887903,6.73944764650342,0.431397670530262,0.668635076046606,0.842867448105534,-6.51338964207772
"TraesCS2B03G1316600",0.301491039476254,6.44420304122086,0.743595651949651,0.461728336018256,0.717197024864132,-6.1753421428483
"TraesCS6B03G0316000",0.3554743143825,8.7612017523871,1.90940153949411,0.0638389762351713,0.249522902035949,-5.47152122938521
"TraesCS3B03G0516800",0.281669471167772,6.92543802832946,0.823028866472342,0.415665034303693,0.679708822997209,-6.28750765087272
"TraesCS5B03G0571900",0.167624626188835,4.54879106092161,0.26261059928567,0.794279857403197,0.902058245133425,-6.02439215130125
"TraesCS1B03G0758600",0.0659143580328985,9.9799238638893,0.52259523923057,0.60431228060538,0.81733872848159,-7.45522150923161
"TraesCS1B03G0963300",0.172059986490592,8.88059198421225,0.984305072030693,0.331237779474066,0.605981000822467,-6.80959054025087
"TraesCS3B03G0605700",-1.54973892653618,4.74731472565443,-2.33057949747757,0.025225285798623,0.128632252085694,-3.56367977152984
"TraesCS6B03G0313200",0.576908167870812,6.10121788582776,1.24950733111681,0.219177977012509,0.486877140500977,-5.59174608939608
"TraesCS7B03G1183600",0.0592184336903072,8.56422300648256,0.302730343095341,0.763758706946904,0.886767724848867,-7.13727044239575
"TraesCS7B03G0641900",0.503044023422508,7.41829044904562,1.80555866019298,0.0789737672733363,0.27515746968538,-5.24839850404182
"TraesCS6B03G1142900",-2.55706993912077,8.3627055281994,-10.7247942764154,5.17486495405879e-13,3.32053834552106e-11,19.6010103787906
"TraesCS6B03G0325100",-0.369561062775807,7.24317725184745,-1.40653656131835,0.167751069293528,0.420743724286698,-5.92929428236772
"TraesCS2B03G0172800",-0.326291178649572,3.7386455958663,-0.400294739536965,0.691197732850042,0.850195294400212,-5.77531460075772
"TraesCS1B03G0719800",0.390303332051815,8.21389493512712,1.58764951408979,0.120714517736396,0.349893997519816,-5.83192631148478
"TraesCS2B03G0889000",0.145501635602304,9.57683357361035,0.959923196972787,0.343207347036858,0.610530709016105,-7.00307938728177
"TraesCS3B03G0806900",-0.00945558356888891,5.80801340305755,-0.0190002611617803,0.9849410543922,0.996589503130084,-6.28332291767879
"TraesCS1B03G1171300",-0.562185774137177,6.40190574999168,-1.62747973495078,0.11196162288706,0.342024277826813,-5.31733481936706
"TraesCS3B03G0553200",0.19944744751816,8.65343274038442,1.06038627651742,0.295712181604336,0.572106481998338,-6.64530650350662
"TraesCS6B03G0086300",-2.24150393879365,7.06815245857375,-6.05359213615037,4.94236021639422e-07,1.18925542706986e-05,6.21331273097946
"TraesCS7B03G0913500",-0.933550780617863,5.17543874257705,-1.59649637161768,0.11872369544625,0.349662696362552,-4.94042789207217
"TraesCS3B03G0468000",-0.101143406319362,8.46879809021524,-0.509531796471228,0.613347975725164,0.819926981438154,-7.02950342512506
"TraesCS6B03G1035800",-0.330949471243737,6.99650657890443,-0.975476591955852,0.33553905237595,0.608026441872152,-6.18994402511788
"TraesCS6B03G0405500",-0.564004624527957,11.044838747967,-5.85927024455844,9.11119339527974e-07,2.00446254696154e-05,4.46966448988822
"TraesCS1B03G1200700",-0.0589664683060732,8.12102066061113,-0.245728522327996,0.807224646721161,0.910048284004823,-7.02437980938406
"TraesCS1B03G0795600",-0.103491600186314,6.75718176184469,-0.351214698927354,0.7273816392128,0.86834707316877,-6.72974207807458
"TraesCS3B03G1474300",-1.0681016344656,9.13554110713128,-6.34135053986407,2.00046315313623e-07,5.13452209304967e-06,6.6382764986617
"TraesCS5B03G1309900",0.292649080019485,8.66031280728332,1.55765716927577,0.127666709260269,0.357466785928753,-6.05662347582207
"TraesCS7B03G0850600",-0.0908509355800248,9.79692460519075,-0.646429625577222,0.521915457077057,0.752574722751561,-7.3432100556286
"TraesCS6B03G1054200",-0.00779521927412148,6.80014426539488,-0.0251011049209188,0.980106653667959,0.995622853989879,-6.75799327137341
"TraesCS5B03G0834500",0.835930742925253,6.0548285192657,1.89657412947436,0.0655625390684065,0.250525497193191,-4.65809869556604
"TraesCS7B03G0162100",-0.0333724647491498,9.67220490058633,-0.218793180326188,0.827990779488392,0.919989754987103,-7.48105176565103
"TraesCS4B03G0693000",-0.0441403342621339,7.86365510043168,-0.179429443286486,0.85856096981157,0.936390859426217,-6.94763241299285
"TraesCS1B03G0749800",0.762774471324786,8.50880192406662,3.80809545243451,0.000500647327451541,0.00528080057722858,-0.931987223867183
"TraesCS6B03G1096300",0.571602420331909,5.14784892001804,0.959687560891803,0.343324411693472,0.610530709016105,-5.66220022957811
"TraesCS3B03G0438600",-1.0611715998627,6.23732511305566,-2.49404084958779,0.0171328188918469,0.0970019893141331,-3.54489287888609
"TraesCS3B03G0365600",-0.055405608644655,11.406066300232,-0.734833266342299,0.466985530416774,0.720598914671174,-7.88078337303741
"TraesCS3B03G0341300",-0.518805568180973,6.13053183329633,-1.35547236542869,0.18332879348872,0.441134909332233,-5.62586639458871
"TraesCS1D03G0285000",-0.526414100778942,6.66219221996838,-1.4212393299947,0.163462930969441,0.412603068370951,-5.53487379025213
"TraesCS5D03G1185800",0.185426344466834,11.0587361939846,1.89495889892028,0.0657823739134802,0.250525497193191,-6.17576662353085
"TraesCS2D03G0844600",-0.108684675799111,9.72111301731066,-0.821271453989856,0.416652681109978,0.679708822997209,-7.1977093943889
"TraesCS5D03G1189100",0.290980567460464,6.34497243422521,0.835750517159976,0.408558582099693,0.676344881305488,-6.23776022461227
"TraesCS7D03G1023900",0.937805795040072,6.33406070118055,2.222973023211,0.0322879840085367,0.154420793084306,-4.10184757573015
"TraesCS1D03G0757900",-0.148657991654848,8.40417207948968,-0.731357802267403,0.46908024407112,0.722383575869525,-6.87004741177894
"TraesCS6D03G0836700",1.92611004342632,6.57757576010141,4.50668593057712,6.19412438469307e-05,0.000953895155242733,1.64499188479805
"TraesCS6D03G0656500",-0.739446725180836,5.9770455863668,-1.52860113190266,0.134707321314507,0.367618156314394,-5.20448390018142
"TraesCS7D03G1042900",-0.0380891496119743,8.40004757436242,-0.239792167587633,0.81178979585257,0.912746083455039,-7.38678490557213
"TraesCS7D03G0948800",-0.00974380870640276,7.14036506617475,-0.0289988884651277,0.977018377324434,0.994153180556731,-6.73521727880649
"TraesCS4D03G0396700",0.274475639385995,8.11250481419366,1.19169198026567,0.240826672470395,0.502538042824402,-6.36366930460122
"TraesCS7D03G0827400",-0.367572282418728,8.45779709530535,-1.84447182842404,0.0729791124218783,0.261367053789983,-5.49104120571605
"TraesCS4D03G0673800",-0.677254690700774,5.71693580565067,-1.6649882437858,0.104201663023711,0.328833116919089,-5.18545498392214
"TraesCS1D03G0151500",-0.243242105340245,10.9057596427976,-2.48066262268548,0.0176931789075536,0.0994434142979288,-4.95167124771818
"TraesCS2D03G0126300",-0.585909524152011,7.66064254435672,-1.99617853633852,0.0531712983366954,0.220117740426105,-5.01042676505929
"TraesCS2D03G0015400",-2.66758994237084,5.40986716235468,-4.38965149279712,8.84829378375886e-05,0.00128550683273478,1.40687077170769
"TraesCS7D03G0640600",0.530252712165319,8.43450068798964,2.46071146406138,0.0185599208101571,0.101355595913624,-4.2725786567598
"TraesCS6D03G0902800",-0.405038348119065,9.85124385333539,-3.11982948532287,0.00346093796775846,0.027759606616396,-3.14151164970598
"TraesCS1D03G0221100",-0.0419571584136971,7.79418513991931,-0.164964224742649,0.869853107060883,0.942631900178425,-6.97681062609564
"TraesCS7D03G0460500",0.156227581462662,9.19649681993427,0.862960521323565,0.393613393205424,0.657445363922291,-6.98238506481382
"TraesCS3D03G0972900",0.419790107734275,8.98849074160071,2.26004893132922,0.029676708596798,0.14371739383355,-4.85097288934902
"TraesCS2D03G0291500",-0.767068521523513,7.78217865795714,-3.15711948765136,0.00312975346865545,0.025913012589943,-2.46931482613921
"TraesCS7D03G0347800",0.738066230727445,12.223883833518,11.7699887996948,3.40832111722082e-14,3.74915322894291e-12,21.4988163940619
"TraesCS1D03G0640900",0.0652001700843418,10.0538384384417,0.536882045931906,0.594502172493554,0.809938316825928,-7.50676280731685
"TraesCS4D03G0544400",0.37190056382711,5.88299352766581,0.788120459678401,0.435551669654099,0.69579831044327,-6.02749221361398
"TraesCS5D03G0234500",-0.594960950201182,6.07138592858217,-1.2226370897245,0.229051862645751,0.492493251446238,-5.60629870279105
"TraesCS3D03G1190800",-0.830120321718079,7.68353434940692,-3.10104593211385,0.00364006634290569,0.0286005212656876,-2.59823831971295
"TraesCS7D03G0600300",-0.188231734592042,6.35448618422597,-0.63661467554532,0.528220809032109,0.754601155760156,-6.54914320626638
"TraesCS7D03G0944100",-0.744520567705483,6.53573945914668,-1.78476347835949,0.0823447184867084,0.276088893677784,-4.9528030202207
"TraesCS1D03G1013100",-0.751250328243672,7.34521590881225,-2.37074137076727,0.0229680364657746,0.11949586539626,-4.10826767715688
"TraesCS4D03G0226400",-0.475759854298529,7.27115226190935,-1.50850441710626,0.139757176835322,0.376269322248945,-5.65127192535599
"TraesCS4D03G0092400",0.764351069421426,5.43146492053198,1.52733975318196,0.135019904173078,0.367618156314394,-5.12075906791956
"TraesCS6D03G0854300",0.0435387028567937,9.85912665686611,0.309414570412884,0.758709113533203,0.886767724848867,-7.50095189836616
"TraesCS5D03G1107700",-0.322214222371556,7.88453891468843,-1.33803655194692,0.188895986277848,0.447538182873671,-6.08088076143422
"TraesCS6D03G0271400",-0.923654408668414,4.54057897116018,-1.5335259599302,0.133492463780986,0.367618156314394,-4.95698870051618
"TraesCS4D03G0313400",0.338407005885934,6.46382603463243,0.846678365154568,0.402514631663841,0.670339762687167,-6.16749816202766
"TraesCS5D03G1169800",0.0568605455597588,7.01711379519345,0.179639442996436,0.858397250923179,0.936390859426217,-6.67850689252526
"TraesCS1D03G0100000",-0.356331228811913,8.53770757100855,-1.83431477682722,0.0745052564187298,0.264373490518074,-5.52532705994127
"TraesCS2D03G0893500",0.420708855482533,4.70417586750888,0.784024761669816,0.437921792147298,0.69813619037975,-5.93129545271318
"TraesCS7D03G0347400",0.258291833176162,7.3838473288615,0.896949764183149,0.375435324996823,0.640987140238479,-6.41165567246938
"TraesCS1D03G0822400",0.0803580407384875,8.25619249756757,0.373921533105632,0.71055648264223,0.860264923953643,-7.03594788439136
"TraesCS5D03G1172500",0.142848998657664,10.7854939557204,1.43286875911604,0.160132407622475,0.410106107902765,-6.807642609182
"TraesCS6D03G0889100",-0.378922772598243,6.81002772654706,-1.24853846709985,0.219528389879744,0.486877140500977,-5.95489256492559
"TraesCS6D03G0561900",0.251212460703621,6.80894604258317,0.711630163389573,0.481072295465941,0.727751802571266,-6.36220587950602
"TraesCS3D03G0817100",-0.329336257243551,6.8334966559327,-0.984131306007004,0.331322079670466,0.605981000822467,-6.16150276155161
"TraesCS4D03G0680500",0.756806517134268,5.85860745908747,1.65419066287751,0.106388623198697,0.332457936748253,-5.10068399703688
"TraesCS6D03G0876600",0.441586116508596,6.46932779931513,1.01390780931265,0.317086957528038,0.594743690882181,-5.95712370171761
"TraesCS2D03G1064400",-0.108103152482211,11.4984012487204,-1.26484516693588,0.213686221379649,0.483936442536263,-7.26041686283263
"TraesCS6D03G0892800",-1.6847504910564,9.59625953261216,-10.5648609501729,7.94458519353402e-13,4.705638922324e-11,19.0044022547886
"TraesCS5D03G0582700",0.185563555340733,3.50290723259936,0.257500051318511,0.798192476626353,0.902321590507543,-5.87949150290061
"TraesCS2D03G0281400",0.219609319188054,8.75678062947896,1.15419351757892,0.255681792609845,0.529233818036506,-6.57796312233236
"TraesCS6D03G0843900",0.535032678901469,7.32163548619058,1.82462942996524,0.0759856992033722,0.267164330532405,-5.15926352207092
"TraesCS5D03G1111200",-0.00761638420701075,5.23872818863886,-0.0145214656910373,0.988490496158537,0.99755921630678,-6.20836131186762
"TraesCS3D03G0627400",-0.136489991389661,9.14925477689116,-0.827831060837897,0.412973596415062,0.678016352323237,-7.02415448147568
"TraesCS2D03G0238000",0.0474664009722301,7.30952727346393,0.151026172897148,0.88075992281205,0.944547549533814,-6.75918345016516
"TraesCS1D03G0119000",-0.467974020122071,5.43713411214283,-0.967985265345595,0.339218072132483,0.610530709016105,-5.80937920941528
"TraesCS7D03G1108500",0.505707934069345,6.61517238787868,1.35125675001149,0.184663100021463,0.441994917223649,-5.62520255685412
"TraesCS7D03G0678300",-0.231454979782902,9.63634602064997,-1.60175797724133,0.117552418017241,0.348136007204907,-6.20780819700283
"TraesCS5D03G1169500",-0.053604051527993,7.63261537636061,-0.183908984408561,0.855070036667687,0.935629931141309,-6.87409936911285
"TraesCS1D03G0138400",0.772377792017684,9.86596150597979,5.9413378617295,7.0367208556393e-07,1.5936103114242e-05,5.18238197799033
"TraesCS1D03G0189600",-0.265525559310845,7.52223650148137,-0.953473043978206,0.346421376527816,0.612059492602054,-6.39699626887665
"TraesCS4D03G0298600",0.368141083182521,6.80120357828465,1.14553888894398,0.259202552272547,0.532158287906591,-6.02128732457154
"TraesCS2D03G0269000",0.0263282132082006,8.14642219597159,0.117932271271766,0.906747133486202,0.95557089575089,-7.05807948134761
"TraesCS3D03G0923600",0.585836224651122,9.16260990648189,3.52884158620614,0.00111725076475146,0.0106207788747978,-1.8433300692522
"TraesCS6D03G0485200",-0.609379841244732,6.26333236953054,-1.43222908244567,0.160314205816535,0.410106107902765,-5.41233648693568
"TraesCS4D03G0104300",-0.389059942927625,6.57478982053409,-0.954438647617892,0.345938963435975,0.612059492602054,-6.06799431360597
"TraesCS4D03G0418300",0.368614424530588,8.03156644887382,1.60474634523555,0.116891392938768,0.34751495198012,-5.74245821232457
"TraesCS1D03G0741100",0.114385967095978,7.56478050456157,0.423151817808453,0.674587588254229,0.842867448105534,-6.76766015937984
"TraesCS1D03G0758000",0.170823007627385,9.24161046248448,1.05437582526675,0.298418457362025,0.573022972989425,-6.83477907309718
"TraesCS5D03G1219200",-0.400186944725031,5.82328707798293,-1.23086664990495,0.225993386069987,0.492493251446238,-5.94357885098128
"TraesCS2D03G1058400",-1.36017819364577,9.78832676029622,-6.27577034932621,2.45787103952037e-07,6.10503451751834e-06,6.2444510550817
"TraesCS7D03G0253600",-0.0829851232392438,5.26290167844171,-0.155329625731213,0.877389766496161,0.944547549533814,-6.16773690445351
"TraesCS4D03G0019600",-0.213079059393489,7.38332761240059,-0.73484309612789,0.466979613522358,0.720598914671174,-6.5496332412697
"TraesCS2D03G0324300",-0.161901613871912,7.51475983213771,-0.579744513075758,0.565534098999768,0.781797587486215,-6.66242920351301
"TraesCS4D03G0505800",-0.383248168393078,6.32832373385166,-0.876439403460945,0.386339225738086,0.649522279079315,-6.04488861708034
"TraesCS1D03G0141900",-0.813282014054004,6.0577453137075,-1.7311772841963,0.0915940364498387,0.301399179770837,-4.89925050108653
"TraesCS1D03G0454400",0.446000522703106,6.67800230702369,1.21511130453907,0.231875512909098,0.494582118947383,-5.87004358450042
"TraesCS4D03G0200300",0.0581876103092602,6.68645265348078,0.15167222560697,0.880253835634268,0.944547549533814,-6.52750375739311
"TraesCS2D03G0307200",-0.705984895214047,8.07043389286149,-3.57982215004679,0.000966594892300664,0.00942124135533558,-1.57857441707981
"TraesCS1D03G0153100",-0.0761854797577533,7.36563828481839,-0.266209231982468,0.791527975992906,0.90041054346899,-6.77032829235725
"TraesCS7D03G0984400",-0.217668804349877,6.1070406267801,-0.513394063296011,0.610670073948973,0.819730762327758,-6.30014869543228
"TraesCS2D03G0720400",-0.293911728729297,6.48761711031541,-0.700402697467889,0.487974081675344,0.728786093344605,-6.21842690312424
"TraesCS3D03G0807000",-0.542224852274487,5.34170685830978,-0.970565131149612,0.337948062204784,0.610530709016105,-5.7363132454717
"TraesCS5D03G0376500",0.339266995267955,7.79869364582739,1.43348437082121,0.159957601882164,0.410106107902765,-5.945524951761
"TraesCS2D03G1189000",0.0488974757860853,8.12913273069705,0.21125189566368,0.83382800596901,0.923809445462069,-7.02475502726675
"TraesCS2D03G0612400",-0.0759840606892655,7.38032172632375,-0.272052773427983,0.787065174754051,0.897954626048921,-6.77248631298066
"TraesCS2D03G0904200",-0.16506253904289,5.64976720613997,-0.352619684930226,0.726336502144252,0.86834707316877,-6.27700378042311
"TraesCS6D03G0862300",0.0941129990384632,11.7847598193705,1.23234669094695,0.225446566853942,0.492493251446238,-7.3924601588302
"TraesCS3D03G1162800",0.142243887628664,9.00388449707371,0.81427524389518,0.420598730006927,0.683251101488046,-6.97239862439827
"TraesCS2D03G1147000",0.229550769785485,9.10287596795444,1.39914221035446,0.169940630474898,0.422851648985627,-6.35354782723731
"TraesCS3D03G0984800",-0.17143595020894,7.31705393543309,-0.604161526524044,0.549353279331439,0.768928750151805,-6.62703742722795
"TraesCS4D03G0422700",0.417646460287881,5.9352970028236,0.999659771649263,0.323845620049154,0.599457358355979,-5.9234466370251
"TraesCS1D03G0745300",-0.169824643319229,5.34495765082652,-0.324002124456078,0.747726335356141,0.88305104022121,-6.21248320376272
"TraesCS4D03G0439700",0.042990716800364,7.3860220064195,0.15985494035471,0.873848357029064,0.944547549533814,-6.83071071064993
"TraesCS5D03G0043100",0.606450211483481,6.0731681177659,1.28192386014615,0.207693387576951,0.477384801296276,-5.53213677036522
"TraesCS4D03G0410800",-0.0451648893228978,7.99688884189458,-0.184255729346678,0.854799938320201,0.935629931141309,-6.99444501478214
"TraesCS4D03G0675300",-1.00981169112203,7.45359261481732,-3.0479518460315,0.00419497246237615,0.0318413564789617,-2.57844803696268
"TraesCS4D03G0141800",-0.0972532549390706,3.98173184251035,-0.140737126462779,0.888826561994603,0.949232250673848,-5.94185224632188
